iteration,P_i,C_j
0,1,1
0,2,2
0,3,3
0,4,4
0,5,5
0,6,6
0,7,7
0,8,1
0,9,2
0,10,3
0,11,4
0,12,5
0,13,6
0,14,7
0,15,1
0,16,2
0,17,3
0,18,4
0,19,5
0,20,6
0,21,7
0,22,1
0,23,2
0,24,3
0,25,4
0,26,5
0,27,6
0,28,7
0,29,1
0,30,2
0,31,3
0,32,4
0,33,5
0,34,6
0,35,7
0,36,1
0,37,2
0,38,3
0,39,4
0,40,5
0,41,6
0,42,7
0,43,1
0,44,2
0,45,3
0,46,4
0,47,5
0,48,6
0,49,7
0,50,1
0,51,2
0,52,3
0,53,4
0,54,5
0,55,6
0,56,7
0,57,1
0,58,2
0,59,3
0,60,4
0,61,5
0,62,6
0,63,7
0,64,1
0,65,2
0,66,3
0,67,4
0,68,5
0,69,6
0,70,7
0,71,1
0,72,2
0,73,3
0,74,4
0,75,5
0,76,6
0,77,7
0,78,1
0,79,2
0,80,3
0,81,4
0,82,5
0,83,6
0,84,7
0,85,1
0,86,2
0,87,3
0,88,4
0,89,5
0,90,6
0,91,7
0,92,1
0,93,2
0,94,3
0,95,4
0,96,5
0,97,6
0,98,7
0,99,1
0,100,2
0,101,3
0,102,4
0,103,5
0,104,6
0,105,7
0,106,1
0,107,2
0,108,3
0,109,4
0,110,5
0,111,6
0,112,7
0,113,1
0,114,2
0,115,3
0,116,4
0,117,5
0,118,6
0,119,7
0,120,1
0,121,2
0,122,3
0,123,4
0,124,5
0,125,6
0,126,7
0,127,1
0,128,2
0,129,3
0,130,4
0,131,5
0,132,6
0,133,7
0,134,1
0,135,2
0,136,3
0,137,4
0,138,5
0,139,6
0,140,7
0,141,1
0,142,2
0,143,3
0,144,4
0,145,5
0,146,6
0,147,7
0,148,1
0,149,2
0,150,3
0,151,4
0,152,5
0,153,6
0,154,7
0,155,1
0,156,2
0,157,3
0,158,4
0,159,5
0,160,6
0,161,7
0,162,1
0,163,2
0,164,3
0,165,4
0,166,5
0,167,6
0,168,7
0,169,1
0,170,2
0,171,3
0,172,4
0,173,5
0,174,6
0,175,7
0,176,1
0,177,2
0,178,3
0,179,4
0,180,5
0,181,6
0,182,7
0,183,1
0,184,2
0,185,3
0,186,4
0,187,5
0,188,6
0,189,7
0,190,1
0,191,2
0,192,3
0,193,4
0,194,5
0,195,6
0,196,7
0,197,1
0,198,2
0,199,3
0,200,4
0,201,5
0,202,6
0,203,7
0,204,1
0,205,2
0,206,3
0,207,4
0,208,5
0,209,6
0,210,7
0,211,1
0,212,2
0,213,3
0,214,4
0,215,5
0,216,6
0,217,7
0,218,1
0,219,2
0,220,3
0,221,4
0,222,5
0,223,6
0,224,7
0,225,1
0,226,2
0,227,3
0,228,4
0,229,5
0,230,6
0,231,7
0,232,1
0,233,2
0,234,3
0,235,4
0,236,5
0,237,6
0,238,7
0,239,1
0,240,2
0,241,3
0,242,4
0,243,5
0,244,6
0,245,7
0,246,1
0,247,2
0,248,3
0,249,4
0,250,5
0,251,6
0,252,7
0,253,1
0,254,2
0,255,3
0,256,4
0,257,5
0,258,6
0,259,7
0,260,1
0,261,2
0,262,3
0,263,4
0,264,5
0,265,6
0,266,7
0,267,1
0,268,2
0,269,3
0,270,4
0,271,5
0,272,6
0,273,7
0,274,1
0,275,2
0,276,3
0,277,4
0,278,5
0,279,6
0,280,7
0,281,1
0,282,2
0,283,3
0,284,4
0,285,5
0,286,6
0,287,7
0,288,1
0,289,2
0,290,3
0,291,4
0,292,5
0,293,6
0,294,7
0,295,1
0,296,2
0,297,3
0,298,4
0,299,5
0,300,6
0,301,7
0,302,1
0,303,2
0,304,3
0,305,4
0,306,5
0,307,6
0,308,7
0,309,1
0,310,2
0,311,3
0,312,4
0,313,5
0,314,6
0,315,7
0,316,1
0,317,2
0,318,3
0,319,4
0,320,5
0,321,6
0,322,7
0,323,1
0,324,2
0,325,3
0,326,4
0,327,5
0,328,6
0,329,7
0,330,1
0,331,2
0,332,3
0,333,4
0,334,5
0,335,6
0,336,7
0,337,1
0,338,2
0,339,3
0,340,4
0,341,5
0,342,6
0,343,7
0,344,1
0,345,2
0,346,3
0,347,4
0,348,5
0,349,6
0,350,7
0,351,1
0,352,2
0,353,3
0,354,4
0,355,5
0,356,6
0,357,7
0,358,1
0,359,2
0,360,3
0,361,4
0,362,5
0,363,6
0,364,7
0,365,1
0,366,2
0,367,3
0,368,4
0,369,5
0,370,6
0,371,7
0,372,1
0,373,2
0,374,3
0,375,4
0,376,5
0,377,6
0,378,7
0,379,1
0,380,2
0,381,3
0,382,4
0,383,5
0,384,6
0,385,7
0,386,1
0,387,2
0,388,3
0,389,4
0,390,5
0,391,6
0,392,7
0,393,1
0,394,2
0,395,3
0,396,4
0,397,5
0,398,6
0,399,7
0,400,1
0,401,2
0,402,3
0,403,4
0,404,5
0,405,6
0,406,7
0,407,1
0,408,2
0,409,3
0,410,4
0,411,5
0,412,6
0,413,7
0,414,1
0,415,2
0,416,3
0,417,4
0,418,5
0,419,6
0,420,7
0,421,1
0,422,2
0,423,3
0,424,4
0,425,5
0,426,6
0,427,7
0,428,1
0,429,2
0,430,3
0,431,4
0,432,5
0,433,6
0,434,7
0,435,1
0,436,2
0,437,3
0,438,4
0,439,5
0,440,6
0,441,7
0,442,1
0,443,2
0,444,3
0,445,4
0,446,5
0,447,6
0,448,7
0,449,1
0,450,2
0,451,3
0,452,4
0,453,5
0,454,6
0,455,7
0,456,1
0,457,2
0,458,3
0,459,4
0,460,5
0,461,6
0,462,7
0,463,1
0,464,2
0,465,3
0,466,4
0,467,5
0,468,6
0,469,7
0,470,1
0,471,2
0,472,3
0,473,4
0,474,5
0,475,6
0,476,7
0,477,1
0,478,2
0,479,3
0,480,4
0,481,5
0,482,6
0,483,7
0,484,1
0,485,2
0,486,3
0,487,4
0,488,5
0,489,6
0,490,7
0,491,1
0,492,2
0,493,3
0,494,4
0,495,5
0,496,6
0,497,7
0,498,1
0,499,2
0,500,3
0,501,4
0,502,5
0,503,6
0,504,7
0,505,1
0,506,2
0,507,3
0,508,4
0,509,5
0,510,6
0,511,7
0,512,1
0,513,2
0,514,3
0,515,4
0,516,5
0,517,6
0,518,7
0,519,1
0,520,2
0,521,3
0,522,4
0,523,5
0,524,6
0,525,7
0,526,1
0,527,2
0,528,3
0,529,4
0,530,5
0,531,6
0,532,7
0,533,1
0,534,2
0,535,3
0,536,4
0,537,5
0,538,6
0,539,7
0,540,1
0,541,2
0,542,3
0,543,4
0,544,5
0,545,6
0,546,7
0,547,1
0,548,2
0,549,3
0,550,4
0,551,5
0,552,6
0,553,7
0,554,1
0,555,2
0,556,3
0,557,4
0,558,5
0,559,6
0,560,7
0,561,1
0,562,2
0,563,3
0,564,4
0,565,5
0,566,6
0,567,7
0,568,1
0,569,2
0,570,3
0,571,4
0,572,5
0,573,6
0,574,7
0,575,1
0,576,2
0,577,3
0,578,4
0,579,5
0,580,6
0,581,7
0,582,1
0,583,2
0,584,3
0,585,4
0,586,5
0,587,6
0,588,7
0,589,1
0,590,2
0,591,3
0,592,4
0,593,5
0,594,6
0,595,7
0,596,1
0,597,2
0,598,3
0,599,4
0,600,5
0,601,6
0,602,7
0,603,1
0,604,2
0,605,3
0,606,4
0,607,5
0,608,6
0,609,7
0,610,1
0,611,2
0,612,3
0,613,4
0,614,5
0,615,6
0,616,7
0,617,1
0,618,2
0,619,3
0,620,4
0,621,5
0,622,6
0,623,7
0,624,1
0,625,2
0,626,3
0,627,4
0,628,5
0,629,6
0,630,7
0,631,1
0,632,2
0,633,3
0,634,4
0,635,5
0,636,6
0,637,7
0,638,1
0,639,2
0,640,3
0,641,4
0,642,5
0,643,6
0,644,7
0,645,1
0,646,2
0,647,3
0,648,4
0,649,5
0,650,6
0,651,7
0,652,1
0,653,2
0,654,3
0,655,4
0,656,5
0,657,6
0,658,7
0,659,1
0,660,2
0,661,3
0,662,4
0,663,5
0,664,6
0,665,7
0,666,1
0,667,2
0,668,3
0,669,4
0,670,5
0,671,6
0,672,7
0,673,1
0,674,2
0,675,3
0,676,4
0,677,5
0,678,6
0,679,7
0,680,1
0,681,2
0,682,3
0,683,4
0,684,5
0,685,6
0,686,7
0,687,1
0,688,2
0,689,3
0,690,4
0,691,5
0,692,6
0,693,7
0,694,1
0,695,2
0,696,3
0,697,4
0,698,5
0,699,6
0,700,7
0,701,1
0,702,2
0,703,3
0,704,4
0,705,5
0,706,6
0,707,7
0,708,1
0,709,2
0,710,3
0,711,4
0,712,5
0,713,6
0,714,7
0,715,1
0,716,2
0,717,3
0,718,4
0,719,5
0,720,6
0,721,7
0,722,1
0,723,2
0,724,3
0,725,4
0,726,5
0,727,6
0,728,7
0,729,1
0,730,2
0,731,3
0,732,4
0,733,5
0,734,6
0,735,7
0,736,1
0,737,2
0,738,3
0,739,4
0,740,5
0,741,6
0,742,7
0,743,1
0,744,2
0,745,3
0,746,4
0,747,5
0,748,6
0,749,7
0,750,1
0,751,2
0,752,3
0,753,4
0,754,5
0,755,6
0,756,7
0,757,1
0,758,2
0,759,3
0,760,4
0,761,5
0,762,6
0,763,7
0,764,1
0,765,2
0,766,3
0,767,4
0,768,5
0,769,6
0,770,7
0,771,1
0,772,2
0,773,3
0,774,4
0,775,5
0,776,6
0,777,7
0,778,1
0,779,2
0,780,3
0,781,4
0,782,5
0,783,6
0,784,7
0,785,1
0,786,2
0,787,3
0,788,4
0,789,5
0,790,6
0,791,7
0,792,1
0,793,2
0,794,3
0,795,4
0,796,5
0,797,6
0,798,7
0,799,1
0,800,2
0,801,3
0,802,4
0,803,5
0,804,6
0,805,7
0,806,1
0,807,2
0,808,3
0,809,4
0,810,5
0,811,6
0,812,7
0,813,1
0,814,2
0,815,3
0,816,4
0,817,5
0,818,6
0,819,7
0,820,1
0,821,2
0,822,3
0,823,4
0,824,5
0,825,6
0,826,7
0,827,1
0,828,2
0,829,3
0,830,4
0,831,5
0,832,6
0,833,7
0,834,1
0,835,2
0,836,3
0,837,4
0,838,5
0,839,6
0,840,7
0,841,1
0,842,2
0,843,3
0,844,4
0,845,5
0,846,6
0,847,7
0,848,1
0,849,2
0,850,3
0,851,4
0,852,5
0,853,6
0,854,7
0,855,1
0,856,2
0,857,3
0,858,4
0,859,5
0,860,6
0,861,7
0,862,1
0,863,2
0,864,3
0,865,4
0,866,5
0,867,6
0,868,7
0,869,1
0,870,2
0,871,3
0,872,4
0,873,5
0,874,6
0,875,7
0,876,1
0,877,2
0,878,3
0,879,4
0,880,5
0,881,6
0,882,7
0,883,1
0,884,2
0,885,3
0,886,4
0,887,5
0,888,6
0,889,7
0,890,1
0,891,2
0,892,3
0,893,4
0,894,5
0,895,6
0,896,7
0,897,1
0,898,2
0,899,3
0,900,4
0,901,5
0,902,6
0,903,7
0,904,1
0,905,2
0,906,3
0,907,4
0,908,5
0,909,6
0,910,7
0,911,1
0,912,2
0,913,3
0,914,4
0,915,5
0,916,6
0,917,7
0,918,1
0,919,2
0,920,3
0,921,4
0,922,5
0,923,6
0,924,7
0,925,1
0,926,2
0,927,3
0,928,4
0,929,5
0,930,6
0,931,7
0,932,1
0,933,2
0,934,3
0,935,4
0,936,5
0,937,6
0,938,7
0,939,1
0,940,2
0,941,3
0,942,4
0,943,5
0,944,6
0,945,7
0,946,1
0,947,2
0,948,3
0,949,4
0,950,5
0,951,6
0,952,7
0,953,1
0,954,2
0,955,3
0,956,4
0,957,5
0,958,6
0,959,7
0,960,1
0,961,2
0,962,3
0,963,4
0,964,5
0,965,6
0,966,7
0,967,1
0,968,2
0,969,3
0,970,4
0,971,5
0,972,6
0,973,7
0,974,1
0,975,2
0,976,3
0,977,4
0,978,5
0,979,6
0,980,7
0,981,1
0,982,2
0,983,3
0,984,4
0,985,5
0,986,6
0,987,7
0,988,1
0,989,2
0,990,3
0,991,4
0,992,5
0,993,6
0,994,7
0,995,1
0,996,2
0,997,3
0,998,4
0,999,5
0,1000,6
1,1,4
1,2,4
1,3,5
1,4,5
1,5,1
1,6,3
1,7,2
1,8,4
1,9,7
1,10,7
1,11,6
1,12,4
1,13,7
1,14,3
1,15,2
1,16,1
1,17,3
1,18,2
1,19,3
1,20,1
1,21,3
1,22,2
1,23,5
1,24,5
1,25,3
1,26,5
1,27,6
1,28,7
1,29,7
1,30,6
1,31,1
1,32,5
1,33,2
1,34,1
1,35,7
1,36,1
1,37,3
1,38,1
1,39,3
1,40,7
1,41,6
1,42,2
1,43,2
1,44,6
1,45,2
1,46,1
1,47,3
1,48,5
1,49,7
1,50,1
1,51,1
1,52,4
1,53,5
1,54,2
1,55,5
1,56,1
1,57,4
1,58,1
1,59,3
1,60,7
1,61,5
1,62,3
1,63,3
1,64,6
1,65,4
1,66,1
1,67,7
1,68,3
1,69,4
1,70,1
1,71,4
1,72,6
1,73,5
1,74,4
1,75,4
1,76,2
1,77,5
1,78,4
1,79,5
1,80,7
1,81,5
1,82,4
1,83,2
1,84,2
1,85,6
1,86,4
1,87,2
1,88,5
1,89,6
1,90,4
1,91,2
1,92,5
1,93,7
1,94,6
1,95,3
1,96,1
1,97,7
1,98,2
1,99,7
1,100,7
1,101,3
1,102,5
1,103,3
1,104,2
1,105,3
1,106,1
1,107,6
1,108,6
1,109,7
1,110,7
1,111,6
1,112,7
1,113,4
1,114,4
1,115,1
1,116,3
1,117,6
1,118,1
1,119,3
1,120,4
1,121,6
1,122,4
1,123,7
1,124,7
1,125,7
1,126,3
1,127,7
1,128,5
1,129,3
1,130,3
1,131,4
1,132,2
1,133,4
1,134,4
1,135,6
1,136,3
1,137,6
1,138,4
1,139,3
1,140,6
1,141,4
1,142,4
1,143,1
1,144,7
1,145,1
1,146,1
1,147,1
1,148,5
1,149,6
1,150,5
1,151,1
1,152,2
1,153,7
1,154,1
1,155,4
1,156,3
1,157,2
1,158,3
1,159,6
1,160,1
1,161,1
1,162,1
1,163,6
1,164,2
1,165,4
1,166,3
1,167,4
1,168,5
1,169,5
1,170,2
1,171,6
1,172,7
1,173,5
1,174,3
1,175,2
1,176,6
1,177,3
1,178,4
1,179,4
1,180,2
1,181,1
1,182,6
1,183,6
1,184,4
1,185,7
1,186,7
1,187,3
1,188,3
1,189,1
1,190,6
1,191,6
1,192,7
1,193,1
1,194,1
1,195,7
1,196,5
1,197,1
1,198,1
1,199,3
1,200,3
1,201,7
1,202,3
1,203,3
1,204,5
1,205,2
1,206,3
1,207,7
1,208,2
1,209,7
1,210,7
1,211,1
1,212,5
1,213,4
1,214,1
1,215,4
1,216,1
1,217,2
1,218,1
1,219,5
1,220,7
1,221,7
1,222,2
1,223,1
1,224,3
1,225,5
1,226,4
1,227,4
1,228,1
1,229,1
1,230,4
1,231,5
1,232,3
1,233,7
1,234,1
1,235,1
1,236,3
1,237,7
1,238,7
1,239,7
1,240,1
1,241,3
1,242,6
1,243,1
1,244,6
1,245,7
1,246,6
1,247,5
1,248,5
1,249,3
1,250,2
1,251,5
1,252,7
1,253,5
1,254,5
1,255,7
1,256,3
1,257,5
1,258,2
1,259,1
1,260,6
1,261,6
1,262,1
1,263,1
1,264,4
1,265,7
1,266,7
1,267,3
1,268,4
1,269,6
1,270,7
1,271,5
1,272,1
1,273,2
1,274,7
1,275,5
1,276,2
1,277,4
1,278,5
1,279,7
1,280,4
1,281,4
1,282,3
1,283,6
1,284,4
1,285,7
1,286,6
1,287,7
1,288,3
1,289,6
1,290,6
1,291,6
1,292,4
1,293,7
1,294,5
1,295,2
1,296,4
1,297,3
1,298,3
1,299,7
1,300,6
1,301,6
1,302,2
1,303,3
1,304,5
1,305,4
1,306,7
1,307,4
1,308,7
1,309,5
1,310,6
1,311,6
1,312,2
1,313,3
1,314,5
1,315,4
1,316,1
1,317,5
1,318,6
1,319,1
1,320,3
1,321,4
1,322,5
1,323,5
1,324,6
1,325,5
1,326,6
1,327,1
1,328,6
1,329,5
1,330,6
1,331,1
1,332,1
1,333,1
1,334,6
1,335,6
1,336,7
1,337,7
1,338,6
1,339,2
1,340,3
1,341,7
1,342,2
1,343,5
1,344,6
1,345,5
1,346,5
1,347,7
1,348,1
1,349,3
1,350,1
1,351,6
1,352,7
1,353,4
1,354,7
1,355,7
1,356,3
1,357,3
1,358,2
1,359,1
1,360,1
1,361,4
1,362,1
1,363,5
1,364,1
1,365,3
1,366,7
1,367,6
1,368,6
1,369,6
1,370,1
1,371,1
1,372,1
1,373,4
1,374,5
1,375,4
1,376,5
1,377,5
1,378,2
1,379,5
1,380,1
1,381,2
1,382,7
1,383,5
1,384,1
1,385,2
1,386,3
1,387,6
1,388,3
1,389,7
1,390,5
1,391,3
1,392,1
1,393,6
1,394,6
1,395,6
1,396,6
1,397,4
1,398,6
1,399,6
1,400,2
1,401,7
1,402,2
1,403,5
1,404,4
1,405,3
1,406,6
1,407,5
1,408,3
1,409,1
1,410,5
1,411,7
1,412,5
1,413,3
1,414,4
1,415,1
1,416,3
1,417,3
1,418,5
1,419,4
1,420,3
1,421,5
1,422,3
1,423,1
1,424,5
1,425,2
1,426,3
1,427,3
1,428,1
1,429,3
1,430,4
1,431,4
1,432,2
1,433,1
1,434,7
1,435,6
1,436,6
1,437,4
1,438,5
1,439,5
1,440,1
1,441,2
1,442,7
1,443,2
1,444,3
1,445,6
1,446,1
1,447,4
1,448,6
1,449,3
1,450,1
1,451,5
1,452,7
1,453,1
1,454,4
1,455,6
1,456,7
1,457,4
1,458,2
1,459,4
1,460,6
1,461,1
1,462,1
1,463,7
1,464,1
1,465,4
1,466,4
1,467,7
1,468,7
1,469,1
1,470,6
1,471,1
1,472,3
1,473,2
1,474,1
1,475,7
1,476,7
1,477,4
1,478,1
1,479,4
1,480,4
1,481,5
1,482,3
1,483,5
1,484,1
1,485,6
1,486,5
1,487,7
1,488,1
1,489,7
1,490,1
1,491,2
1,492,1
1,493,5
1,494,4
1,495,6
1,496,2
1,497,4
1,498,6
1,499,6
1,500,3
1,501,4
1,502,7
1,503,5
1,504,4
1,505,4
1,506,1
1,507,2
1,508,6
1,509,6
1,510,3
1,511,6
1,512,7
1,513,5
1,514,1
1,515,1
1,516,2
1,517,3
1,518,4
1,519,2
1,520,1
1,521,7
1,522,1
1,523,7
1,524,2
1,525,4
1,526,5
1,527,6
1,528,1
1,529,1
1,530,2
1,531,6
1,532,7
1,533,3
1,534,4
1,535,3
1,536,4
1,537,7
1,538,6
1,539,7
1,540,7
1,541,4
1,542,7
1,543,5
1,544,4
1,545,1
1,546,7
1,547,1
1,548,7
1,549,6
1,550,6
1,551,5
1,552,2
1,553,7
1,554,4
1,555,7
1,556,7
1,557,2
1,558,1
1,559,5
1,560,4
1,561,4
1,562,4
1,563,6
1,564,2
1,565,2
1,566,5
1,567,4
1,568,7
1,569,5
1,570,4
1,571,1
1,572,2
1,573,3
1,574,2
1,575,5
1,576,3
1,577,5
1,578,1
1,579,4
1,580,6
1,581,6
1,582,2
1,583,1
1,584,6
1,585,1
1,586,7
1,587,7
1,588,7
1,589,7
1,590,6
1,591,7
1,592,3
1,593,4
1,594,3
1,595,7
1,596,4
1,597,4
1,598,4
1,599,1
1,600,7
1,601,4
1,602,2
1,603,6
1,604,4
1,605,6
1,606,4
1,607,7
1,608,5
1,609,7
1,610,4
1,611,5
1,612,7
1,613,4
1,614,3
1,615,2
1,616,1
1,617,2
1,618,3
1,619,2
1,620,4
1,621,5
1,622,1
1,623,4
1,624,1
1,625,2
1,626,5
1,627,6
1,628,7
1,629,3
1,630,3
1,631,4
1,632,2
1,633,3
1,634,4
1,635,5
1,636,4
1,637,7
1,638,7
1,639,4
1,640,7
1,641,4
1,642,2
1,643,3
1,644,1
1,645,4
1,646,1
1,647,7
1,648,2
1,649,3
1,650,3
1,651,5
1,652,5
1,653,1
1,654,3
1,655,5
1,656,7
1,657,1
1,658,1
1,659,1
1,660,3
1,661,2
1,662,3
1,663,7
1,664,5
1,665,6
1,666,7
1,667,1
1,668,1
1,669,7
1,670,5
1,671,7
1,672,5
1,673,5
1,674,4
1,675,2
1,676,7
1,677,3
1,678,2
1,679,7
1,680,7
1,681,1
1,682,6
1,683,6
1,684,5
1,685,1
1,686,4
1,687,5
1,688,2
1,689,1
1,690,5
1,691,3
1,692,6
1,693,7
1,694,5
1,695,5
1,696,3
1,697,1
1,698,1
1,699,6
1,700,2
1,701,5
1,702,7
1,703,4
1,704,6
1,705,4
1,706,1
1,707,7
1,708,6
1,709,7
1,710,4
1,711,7
1,712,4
1,713,7
1,714,1
1,715,3
1,716,5
1,717,7
1,718,1
1,719,1
1,720,7
1,721,3
1,722,6
1,723,7
1,724,5
1,725,7
1,726,7
1,727,3
1,728,1
1,729,2
1,730,2
1,731,2
1,732,1
1,733,4
1,734,3
1,735,7
1,736,2
1,737,1
1,738,5
1,739,4
1,740,6
1,741,5
1,742,4
1,743,1
1,744,7
1,745,4
1,746,1
1,747,7
1,748,4
1,749,2
1,750,7
1,751,6
1,752,6
1,753,1
1,754,5
1,755,3
1,756,2
1,757,6
1,758,1
1,759,1
1,760,1
1,761,4
1,762,4
1,763,3
1,764,6
1,765,7
1,766,5
1,767,1
1,768,2
1,769,5
1,770,6
1,771,6
1,772,3
1,773,3
1,774,4
1,775,2
1,776,7
1,777,6
1,778,5
1,779,2
1,780,2
1,781,3
1,782,2
1,783,2
1,784,7
1,785,4
1,786,1
1,787,1
1,788,7
1,789,1
1,790,5
1,791,1
1,792,1
1,793,4
1,794,3
1,795,5
1,796,2
1,797,2
1,798,2
1,799,3
1,800,4
1,801,3
1,802,2
1,803,7
1,804,6
1,805,6
1,806,5
1,807,7
1,808,6
1,809,6
1,810,1
1,811,5
1,812,1
1,813,7
1,814,5
1,815,3
1,816,6
1,817,2
1,818,7
1,819,5
1,820,4
1,821,4
1,822,7
1,823,3
1,824,6
1,825,3
1,826,7
1,827,6
1,828,7
1,829,1
1,830,2
1,831,2
1,832,7
1,833,7
1,834,4
1,835,1
1,836,1
1,837,4
1,838,3
1,839,7
1,840,3
1,841,7
1,842,1
1,843,6
1,844,7
1,845,2
1,846,1
1,847,1
1,848,1
1,849,3
1,850,1
1,851,1
1,852,6
1,853,1
1,854,3
1,855,2
1,856,1
1,857,6
1,858,7
1,859,1
1,860,1
1,861,1
1,862,5
1,863,1
1,864,6
1,865,3
1,866,3
1,867,4
1,868,1
1,869,5
1,870,5
1,871,6
1,872,1
1,873,5
1,874,2
1,875,6
1,876,6
1,877,7
1,878,4
1,879,4
1,880,1
1,881,6
1,882,6
1,883,6
1,884,7
1,885,7
1,886,1
1,887,7
1,888,7
1,889,1
1,890,3
1,891,5
1,892,1
1,893,1
1,894,7
1,895,1
1,896,1
1,897,2
1,898,2
1,899,6
1,900,7
1,901,6
1,902,7
1,903,6
1,904,7
1,905,4
1,906,3
1,907,4
1,908,6
1,909,1
1,910,6
1,911,3
1,912,5
1,913,1
1,914,7
1,915,5
1,916,1
1,917,4
1,918,2
1,919,5
1,920,1
1,921,4
1,922,6
1,923,7
1,924,4
1,925,4
1,926,5
1,927,1
1,928,1
1,929,3
1,930,3
1,931,6
1,932,3
1,933,2
1,934,3
1,935,1
1,936,4
1,937,1
1,938,5
1,939,1
1,940,1
1,941,7
1,942,7
1,943,1
1,944,7
1,945,1
1,946,5
1,947,1
1,948,7
1,949,1
1,950,5
1,951,2
1,952,2
1,953,1
1,954,5
1,955,3
1,956,1
1,957,1
1,958,1
1,959,1
1,960,6
1,961,3
1,962,1
1,963,7
1,964,7
1,965,7
1,966,1
1,967,3
1,968,1
1,969,3
1,970,2
1,971,5
1,972,1
1,973,1
1,974,1
1,975,7
1,976,7
1,977,4
1,978,6
1,979,6
1,980,3
1,981,2
1,982,5
1,983,6
1,984,5
1,985,1
1,986,7
1,987,6
1,988,1
1,989,6
1,990,1
1,991,5
1,992,2
1,993,6
1,994,1
1,995,1
1,996,3
1,997,1
1,998,3
1,999,1
1,1000,3
2,1,4
2,2,4
2,3,5
2,4,5
2,5,1
2,6,3
2,7,2
2,8,4
2,9,7
2,10,7
2,11,6
2,12,4
2,13,7
2,14,3
2,15,2
2,16,1
2,17,3
2,18,2
2,19,3
2,20,1
2,21,3
2,22,2
2,23,5
2,24,5
2,25,3
2,26,5
2,27,6
2,28,7
2,29,7
2,30,6
2,31,1
2,32,5
2,33,2
2,34,1
2,35,7
2,36,1
2,37,3
2,38,1
2,39,3
2,40,7
2,41,6
2,42,2
2,43,2
2,44,6
2,45,2
2,46,1
2,47,3
2,48,5
2,49,7
2,50,1
2,51,1
2,52,4
2,53,5
2,54,2
2,55,5
2,56,1
2,57,4
2,58,1
2,59,3
2,60,7
2,61,5
2,62,3
2,63,3
2,64,6
2,65,4
2,66,1
2,67,7
2,68,3
2,69,4
2,70,1
2,71,4
2,72,6
2,73,5
2,74,4
2,75,4
2,76,2
2,77,5
2,78,4
2,79,5
2,80,7
2,81,5
2,82,4
2,83,2
2,84,2
2,85,6
2,86,4
2,87,2
2,88,5
2,89,6
2,90,4
2,91,2
2,92,5
2,93,7
2,94,6
2,95,3
2,96,1
2,97,7
2,98,2
2,99,7
2,100,7
2,101,3
2,102,5
2,103,3
2,104,2
2,105,3
2,106,1
2,107,6
2,108,6
2,109,7
2,110,7
2,111,6
2,112,7
2,113,4
2,114,4
2,115,1
2,116,3
2,117,6
2,118,1
2,119,3
2,120,4
2,121,6
2,122,4
2,123,7
2,124,7
2,125,7
2,126,3
2,127,7
2,128,5
2,129,3
2,130,3
2,131,4
2,132,2
2,133,4
2,134,4
2,135,6
2,136,3
2,137,6
2,138,4
2,139,3
2,140,6
2,141,4
2,142,4
2,143,1
2,144,7
2,145,1
2,146,1
2,147,1
2,148,5
2,149,6
2,150,5
2,151,1
2,152,2
2,153,7
2,154,1
2,155,4
2,156,3
2,157,2
2,158,3
2,159,6
2,160,1
2,161,1
2,162,1
2,163,6
2,164,2
2,165,4
2,166,3
2,167,4
2,168,5
2,169,5
2,170,2
2,171,6
2,172,7
2,173,5
2,174,3
2,175,2
2,176,6
2,177,3
2,178,4
2,179,4
2,180,2
2,181,1
2,182,6
2,183,6
2,184,4
2,185,7
2,186,7
2,187,3
2,188,3
2,189,1
2,190,6
2,191,6
2,192,7
2,193,1
2,194,1
2,195,7
2,196,5
2,197,1
2,198,1
2,199,3
2,200,3
2,201,7
2,202,3
2,203,3
2,204,5
2,205,2
2,206,3
2,207,7
2,208,2
2,209,7
2,210,7
2,211,1
2,212,5
2,213,4
2,214,1
2,215,4
2,216,1
2,217,2
2,218,1
2,219,5
2,220,7
2,221,7
2,222,2
2,223,1
2,224,3
2,225,5
2,226,4
2,227,4
2,228,1
2,229,1
2,230,4
2,231,5
2,232,3
2,233,7
2,234,1
2,235,1
2,236,3
2,237,7
2,238,7
2,239,7
2,240,1
2,241,3
2,242,6
2,243,1
2,244,6
2,245,7
2,246,6
2,247,5
2,248,5
2,249,3
2,250,2
2,251,5
2,252,7
2,253,5
2,254,5
2,255,7
2,256,3
2,257,5
2,258,2
2,259,1
2,260,6
2,261,6
2,262,1
2,263,1
2,264,4
2,265,7
2,266,7
2,267,3
2,268,4
2,269,6
2,270,7
2,271,5
2,272,1
2,273,2
2,274,7
2,275,5
2,276,2
2,277,4
2,278,5
2,279,7
2,280,4
2,281,4
2,282,3
2,283,6
2,284,4
2,285,7
2,286,6
2,287,7
2,288,3
2,289,6
2,290,6
2,291,6
2,292,4
2,293,7
2,294,5
2,295,2
2,296,4
2,297,3
2,298,3
2,299,7
2,300,6
2,301,6
2,302,2
2,303,3
2,304,5
2,305,4
2,306,7
2,307,4
2,308,7
2,309,5
2,310,6
2,311,6
2,312,2
2,313,3
2,314,5
2,315,4
2,316,1
2,317,5
2,318,6
2,319,1
2,320,3
2,321,4
2,322,5
2,323,5
2,324,6
2,325,5
2,326,6
2,327,1
2,328,6
2,329,5
2,330,6
2,331,1
2,332,1
2,333,1
2,334,6
2,335,6
2,336,7
2,337,7
2,338,6
2,339,2
2,340,3
2,341,7
2,342,2
2,343,5
2,344,6
2,345,5
2,346,5
2,347,7
2,348,1
2,349,3
2,350,1
2,351,6
2,352,7
2,353,4
2,354,7
2,355,7
2,356,3
2,357,3
2,358,2
2,359,1
2,360,1
2,361,4
2,362,1
2,363,5
2,364,1
2,365,3
2,366,7
2,367,6
2,368,6
2,369,6
2,370,1
2,371,1
2,372,1
2,373,4
2,374,5
2,375,4
2,376,5
2,377,5
2,378,2
2,379,5
2,380,1
2,381,2
2,382,7
2,383,5
2,384,1
2,385,2
2,386,3
2,387,6
2,388,3
2,389,7
2,390,5
2,391,3
2,392,1
2,393,6
2,394,6
2,395,6
2,396,6
2,397,4
2,398,6
2,399,6
2,400,2
2,401,7
2,402,2
2,403,5
2,404,4
2,405,3
2,406,6
2,407,5
2,408,3
2,409,1
2,410,5
2,411,7
2,412,5
2,413,3
2,414,4
2,415,1
2,416,3
2,417,3
2,418,5
2,419,4
2,420,3
2,421,5
2,422,3
2,423,1
2,424,5
2,425,2
2,426,3
2,427,3
2,428,1
2,429,3
2,430,4
2,431,4
2,432,2
2,433,1
2,434,7
2,435,6
2,436,6
2,437,4
2,438,5
2,439,5
2,440,1
2,441,2
2,442,7
2,443,2
2,444,3
2,445,6
2,446,1
2,447,4
2,448,6
2,449,3
2,450,1
2,451,5
2,452,7
2,453,1
2,454,4
2,455,6
2,456,7
2,457,4
2,458,2
2,459,4
2,460,6
2,461,1
2,462,1
2,463,7
2,464,1
2,465,4
2,466,4
2,467,7
2,468,7
2,469,1
2,470,6
2,471,1
2,472,3
2,473,2
2,474,1
2,475,7
2,476,7
2,477,4
2,478,1
2,479,4
2,480,4
2,481,5
2,482,3
2,483,5
2,484,1
2,485,6
2,486,5
2,487,7
2,488,1
2,489,7
2,490,1
2,491,2
2,492,1
2,493,5
2,494,4
2,495,6
2,496,2
2,497,4
2,498,6
2,499,6
2,500,3
2,501,4
2,502,7
2,503,5
2,504,4
2,505,4
2,506,1
2,507,2
2,508,6
2,509,6
2,510,3
2,511,6
2,512,7
2,513,5
2,514,1
2,515,1
2,516,2
2,517,3
2,518,4
2,519,2
2,520,1
2,521,7
2,522,1
2,523,7
2,524,2
2,525,4
2,526,5
2,527,6
2,528,1
2,529,1
2,530,2
2,531,6
2,532,7
2,533,3
2,534,4
2,535,3
2,536,4
2,537,7
2,538,6
2,539,7
2,540,7
2,541,4
2,542,7
2,543,5
2,544,4
2,545,1
2,546,7
2,547,1
2,548,7
2,549,6
2,550,6
2,551,5
2,552,2
2,553,7
2,554,4
2,555,7
2,556,7
2,557,2
2,558,1
2,559,5
2,560,4
2,561,4
2,562,4
2,563,6
2,564,2
2,565,2
2,566,5
2,567,4
2,568,7
2,569,5
2,570,4
2,571,1
2,572,2
2,573,3
2,574,2
2,575,5
2,576,3
2,577,5
2,578,1
2,579,4
2,580,6
2,581,6
2,582,2
2,583,1
2,584,6
2,585,1
2,586,7
2,587,7
2,588,7
2,589,7
2,590,6
2,591,7
2,592,3
2,593,4
2,594,3
2,595,7
2,596,4
2,597,4
2,598,4
2,599,1
2,600,7
2,601,4
2,602,2
2,603,6
2,604,4
2,605,6
2,606,4
2,607,7
2,608,5
2,609,7
2,610,4
2,611,5
2,612,7
2,613,4
2,614,3
2,615,2
2,616,1
2,617,2
2,618,3
2,619,2
2,620,4
2,621,5
2,622,1
2,623,4
2,624,1
2,625,2
2,626,5
2,627,6
2,628,7
2,629,3
2,630,3
2,631,4
2,632,2
2,633,3
2,634,4
2,635,5
2,636,4
2,637,7
2,638,7
2,639,4
2,640,7
2,641,4
2,642,2
2,643,3
2,644,1
2,645,4
2,646,1
2,647,7
2,648,2
2,649,3
2,650,3
2,651,5
2,652,5
2,653,1
2,654,3
2,655,5
2,656,7
2,657,1
2,658,1
2,659,1
2,660,3
2,661,2
2,662,3
2,663,7
2,664,5
2,665,6
2,666,7
2,667,1
2,668,1
2,669,7
2,670,5
2,671,7
2,672,5
2,673,5
2,674,4
2,675,2
2,676,7
2,677,3
2,678,2
2,679,7
2,680,7
2,681,1
2,682,6
2,683,6
2,684,5
2,685,1
2,686,4
2,687,5
2,688,2
2,689,1
2,690,5
2,691,3
2,692,6
2,693,7
2,694,5
2,695,5
2,696,3
2,697,1
2,698,1
2,699,6
2,700,2
2,701,5
2,702,7
2,703,4
2,704,6
2,705,4
2,706,1
2,707,7
2,708,6
2,709,7
2,710,4
2,711,7
2,712,4
2,713,7
2,714,1
2,715,3
2,716,5
2,717,7
2,718,1
2,719,1
2,720,7
2,721,3
2,722,6
2,723,7
2,724,5
2,725,7
2,726,7
2,727,3
2,728,1
2,729,2
2,730,2
2,731,2
2,732,1
2,733,4
2,734,3
2,735,7
2,736,2
2,737,1
2,738,5
2,739,4
2,740,6
2,741,5
2,742,4
2,743,1
2,744,7
2,745,4
2,746,1
2,747,7
2,748,4
2,749,2
2,750,7
2,751,6
2,752,6
2,753,1
2,754,5
2,755,3
2,756,2
2,757,6
2,758,1
2,759,1
2,760,1
2,761,4
2,762,4
2,763,3
2,764,6
2,765,7
2,766,5
2,767,1
2,768,2
2,769,5
2,770,6
2,771,6
2,772,3
2,773,3
2,774,4
2,775,2
2,776,7
2,777,6
2,778,5
2,779,2
2,780,2
2,781,3
2,782,2
2,783,2
2,784,7
2,785,4
2,786,1
2,787,1
2,788,7
2,789,1
2,790,5
2,791,1
2,792,1
2,793,4
2,794,3
2,795,5
2,796,2
2,797,2
2,798,2
2,799,3
2,800,4
2,801,3
2,802,2
2,803,7
2,804,6
2,805,6
2,806,5
2,807,7
2,808,6
2,809,6
2,810,1
2,811,5
2,812,1
2,813,7
2,814,5
2,815,3
2,816,6
2,817,2
2,818,7
2,819,5
2,820,4
2,821,4
2,822,7
2,823,3
2,824,6
2,825,3
2,826,7
2,827,6
2,828,7
2,829,1
2,830,2
2,831,2
2,832,7
2,833,7
2,834,4
2,835,1
2,836,1
2,837,4
2,838,3
2,839,7
2,840,3
2,841,7
2,842,1
2,843,6
2,844,7
2,845,2
2,846,1
2,847,1
2,848,1
2,849,3
2,850,1
2,851,1
2,852,6
2,853,1
2,854,3
2,855,2
2,856,1
2,857,6
2,858,7
2,859,1
2,860,1
2,861,1
2,862,5
2,863,1
2,864,6
2,865,3
2,866,3
2,867,4
2,868,1
2,869,5
2,870,5
2,871,6
2,872,1
2,873,5
2,874,2
2,875,6
2,876,6
2,877,7
2,878,4
2,879,4
2,880,1
2,881,6
2,882,6
2,883,6
2,884,7
2,885,7
2,886,1
2,887,7
2,888,7
2,889,1
2,890,3
2,891,5
2,892,1
2,893,1
2,894,7
2,895,1
2,896,1
2,897,2
2,898,2
2,899,6
2,900,7
2,901,6
2,902,7
2,903,6
2,904,7
2,905,4
2,906,3
2,907,4
2,908,6
2,909,1
2,910,6
2,911,3
2,912,5
2,913,1
2,914,7
2,915,5
2,916,1
2,917,4
2,918,2
2,919,5
2,920,1
2,921,4
2,922,6
2,923,7
2,924,4
2,925,4
2,926,5
2,927,1
2,928,1
2,929,3
2,930,3
2,931,6
2,932,3
2,933,2
2,934,3
2,935,1
2,936,4
2,937,1
2,938,5
2,939,1
2,940,1
2,941,7
2,942,7
2,943,1
2,944,7
2,945,1
2,946,5
2,947,1
2,948,7
2,949,1
2,950,5
2,951,2
2,952,2
2,953,1
2,954,5
2,955,3
2,956,1
2,957,1
2,958,1
2,959,1
2,960,6
2,961,3
2,962,1
2,963,7
2,964,7
2,965,7
2,966,1
2,967,3
2,968,1
2,969,3
2,970,2
2,971,5
2,972,1
2,973,1
2,974,1
2,975,7
2,976,7
2,977,4
2,978,6
2,979,6
2,980,3
2,981,2
2,982,5
2,983,6
2,984,5
2,985,1
2,986,7
2,987,6
2,988,1
2,989,6
2,990,1
2,991,5
2,992,2
2,993,6
2,994,1
2,995,1
2,996,3
2,997,1
2,998,3
2,999,1
2,1000,3
3,1,6
3,2,3
3,3,2
3,4,4
3,5,5
3,6,2
3,7,6
3,8,2
3,9,3
3,10,2
3,11,1
3,12,6
3,13,6
3,14,1
3,15,3
3,16,4
3,17,3
3,18,7
3,19,5
3,20,2
3,21,1
3,22,4
3,23,2
3,24,6
3,25,2
3,26,2
3,27,2
3,28,5
3,29,1
3,30,5
3,31,4
3,32,6
3,33,4
3,34,6
3,35,4
3,36,7
3,37,5
3,38,2
3,39,4
3,40,5
3,41,6
3,42,6
3,43,2
3,44,5
3,45,1
3,46,7
3,47,5
3,48,3
3,49,6
3,50,2
3,51,4
3,52,2
3,53,3
3,54,6
3,55,7
3,56,6
3,57,5
3,58,4
3,59,7
3,60,5
3,61,7
3,62,5
3,63,6
3,64,6
3,65,7
3,66,7
3,67,7
3,68,2
3,69,6
3,70,5
3,71,4
3,72,5
3,73,4
3,74,7
3,75,3
3,76,6
3,77,6
3,78,4
3,79,3
3,80,3
3,81,4
3,82,2
3,83,2
3,84,1
3,85,1
3,86,6
3,87,2
3,88,2
3,89,2
3,90,2
3,91,5
3,92,5
3,93,4
3,94,6
3,95,5
3,96,7
3,97,6
3,98,7
3,99,5
3,100,3
3,101,5
3,102,4
3,103,7
3,104,4
3,105,5
3,106,5
3,107,2
3,108,2
3,109,1
3,110,1
3,111,2
3,112,3
3,113,6
3,114,5
3,115,1
3,116,6
3,117,1
3,118,6
3,119,5
3,120,1
3,121,5
3,122,3
3,123,4
3,124,7
3,125,1
3,126,6
3,127,5
3,128,1
3,129,2
3,130,7
3,131,2
3,132,5
3,133,7
3,134,6
3,135,5
3,136,4
3,137,5
3,138,5
3,139,1
3,140,6
3,141,6
3,142,3
3,143,4
3,144,1
3,145,4
3,146,2
3,147,3
3,148,1
3,149,1
3,150,1
3,151,1
3,152,2
3,153,7
3,154,7
3,155,2
3,156,3
3,157,7
3,158,7
3,159,5
3,160,3
3,161,6
3,162,5
3,163,6
3,164,6
3,165,5
3,166,3
3,167,3
3,168,5
3,169,2
3,170,6
3,171,5
3,172,6
3,173,4
3,174,4
3,175,2
3,176,2
3,177,3
3,178,3
3,179,6
3,180,4
3,181,2
3,182,3
3,183,1
3,184,2
3,185,7
3,186,4
3,187,2
3,188,6
3,189,7
3,190,7
3,191,3
3,192,2
3,193,4
3,194,7
3,195,6
3,196,2
3,197,7
3,198,5
3,199,5
3,200,2
3,201,5
3,202,5
3,203,4
3,204,6
3,205,1
3,206,6
3,207,3
3,208,2
3,209,1
3,210,4
3,211,2
3,212,3
3,213,2
3,214,6
3,215,2
3,216,5
3,217,4
3,218,7
3,219,4
3,220,6
3,221,2
3,222,4
3,223,5
3,224,2
3,225,4
3,226,6
3,227,4
3,228,4
3,229,4
3,230,2
3,231,4
3,232,1
3,233,2
3,234,2
3,235,2
3,236,2
3,237,4
3,238,7
3,239,5
3,240,4
3,241,3
3,242,1
3,243,7
3,244,6
3,245,2
3,246,5
3,247,5
3,248,1
3,249,4
3,250,4
3,251,2
3,252,1
3,253,6
3,254,3
3,255,6
3,256,2
3,257,1
3,258,1
3,259,1
3,260,3
3,261,2
3,262,7
3,263,2
3,264,7
3,265,6
3,266,2
3,267,6
3,268,4
3,269,5
3,270,3
3,271,7
3,272,7
3,273,7
3,274,6
3,275,3
3,276,5
3,277,4
3,278,4
3,279,3
3,280,4
3,281,5
3,282,4
3,283,5
3,284,6
3,285,3
3,286,1
3,287,3
3,288,6
3,289,4
3,290,1
3,291,4
3,292,2
3,293,7
3,294,5
3,295,3
3,296,2
3,297,7
3,298,4
3,299,2
3,300,4
3,301,2
3,302,6
3,303,1
3,304,7
3,305,5
3,306,5
3,307,1
3,308,3
3,309,4
3,310,7
3,311,2
3,312,2
3,313,4
3,314,6
3,315,4
3,316,6
3,317,1
3,318,7
3,319,4
3,320,5
3,321,6
3,322,6
3,323,4
3,324,4
3,325,2
3,326,6
3,327,2
3,328,1
3,329,1
3,330,5
3,331,7
3,332,4
3,333,7
3,334,2
3,335,1
3,336,1
3,337,5
3,338,5
3,339,3
3,340,1
3,341,5
3,342,1
3,343,7
3,344,2
3,345,4
3,346,1
3,347,5
3,348,6
3,349,4
3,350,3
3,351,7
3,352,5
3,353,3
3,354,2
3,355,1
3,356,2
3,357,4
3,358,1
3,359,4
3,360,5
3,361,6
3,362,5
3,363,4
3,364,7
3,365,4
3,366,2
3,367,1
3,368,4
3,369,2
3,370,7
3,371,4
3,372,4
3,373,7
3,374,6
3,375,5
3,376,4
3,377,6
3,378,3
3,379,2
3,380,1
3,381,1
3,382,6
3,383,7
3,384,2
3,385,6
3,386,7
3,387,3
3,388,5
3,389,4
3,390,6
3,391,7
3,392,4
3,393,2
3,394,7
3,395,7
3,396,6
3,397,2
3,398,5
3,399,1
3,400,7
3,401,6
3,402,1
3,403,2
3,404,2
3,405,5
3,406,1
3,407,6
3,408,5
3,409,7
3,410,5
3,411,3
3,412,2
3,413,4
3,414,2
3,415,1
3,416,5
3,417,2
3,418,1
3,419,6
3,420,3
3,421,3
3,422,3
3,423,5
3,424,6
3,425,6
3,426,1
3,427,5
3,428,5
3,429,5
3,430,4
3,431,7
3,432,6
3,433,5
3,434,2
3,435,7
3,436,5
3,437,2
3,438,5
3,439,6
3,440,4
3,441,3
3,442,3
3,443,1
3,444,1
3,445,4
3,446,1
3,447,4
3,448,7
3,449,4
3,450,3
3,451,2
3,452,5
3,453,5
3,454,6
3,455,5
3,456,2
3,457,7
3,458,7
3,459,5
3,460,2
3,461,6
3,462,3
3,463,4
3,464,2
3,465,5
3,466,6
3,467,3
3,468,2
3,469,3
3,470,2
3,471,4
3,472,2
3,473,4
3,474,6
3,475,2
3,476,4
3,477,1
3,478,1
3,479,7
3,480,1
3,481,2
3,482,5
3,483,3
3,484,2
3,485,5
3,486,7
3,487,4
3,488,4
3,489,7
3,490,7
3,491,3
3,492,4
3,493,7
3,494,2
3,495,5
3,496,6
3,497,4
3,498,4
3,499,2
3,500,3
3,501,4
3,502,5
3,503,5
3,504,1
3,505,6
3,506,6
3,507,4
3,508,5
3,509,5
3,510,1
3,511,2
3,512,6
3,513,6
3,514,4
3,515,4
3,516,1
3,517,1
3,518,7
3,519,5
3,520,3
3,521,4
3,522,7
3,523,7
3,524,2
3,525,7
3,526,4
3,527,1
3,528,2
3,529,7
3,530,7
3,531,5
3,532,7
3,533,6
3,534,2
3,535,4
3,536,4
3,537,5
3,538,7
3,539,7
3,540,5
3,541,3
3,542,7
3,543,6
3,544,3
3,545,6
3,546,6
3,547,4
3,548,5
3,549,3
3,550,1
3,551,3
3,552,2
3,553,3
3,554,2
3,555,5
3,556,5
3,557,7
3,558,1
3,559,7
3,560,2
3,561,2
3,562,1
3,563,1
3,564,2
3,565,5
3,566,1
3,567,2
3,568,5
3,569,7
3,570,4
3,571,7
3,572,2
3,573,2
3,574,4
3,575,7
3,576,5
3,577,3
3,578,5
3,579,1
3,580,1
3,581,2
3,582,4
3,583,1
3,584,2
3,585,1
3,586,5
3,587,4
3,588,5
3,589,2
3,590,6
3,591,3
3,592,2
3,593,2
3,594,3
3,595,2
3,596,2
3,597,1
3,598,7
3,599,7
3,600,3
3,601,5
3,602,6
3,603,5
3,604,7
3,605,2
3,606,1
3,607,3
3,608,1
3,609,5
3,610,6
3,611,4
3,612,3
3,613,4
3,614,1
3,615,1
3,616,4
3,617,3
3,618,7
3,619,4
3,620,4
3,621,5
3,622,7
3,623,6
3,624,2
3,625,7
3,626,6
3,627,3
3,628,1
3,629,6
3,630,1
3,631,1
3,632,7
3,633,7
3,634,2
3,635,5
3,636,1
3,637,5
3,638,3
3,639,5
3,640,5
3,641,4
3,642,2
3,643,4
3,644,3
3,645,4
3,646,2
3,647,1
3,648,6
3,649,5
3,650,2
3,651,4
3,652,5
3,653,3
3,654,4
3,655,3
3,656,1
3,657,6
3,658,4
3,659,4
3,660,2
3,661,1
3,662,4
3,663,3
3,664,2
3,665,1
3,666,2
3,667,5
3,668,7
3,669,1
3,670,4
3,671,3
3,672,6
3,673,4
3,674,4
3,675,6
3,676,3
3,677,4
3,678,7
3,679,7
3,680,4
3,681,7
3,682,3
3,683,2
3,684,6
3,685,5
3,686,5
3,687,2
3,688,6
3,689,6
3,690,2
3,691,6
3,692,6
3,693,1
3,694,6
3,695,5
3,696,4
3,697,2
3,698,4
3,699,2
3,700,6
3,701,2
3,702,6
3,703,2
3,704,4
3,705,7
3,706,7
3,707,6
3,708,5
3,709,2
3,710,3
3,711,4
3,712,3
3,713,3
3,714,6
3,715,4
3,716,3
3,717,4
3,718,2
3,719,6
3,720,7
3,721,7
3,722,3
3,723,7
3,724,7
3,725,2
3,726,7
3,727,4
3,728,2
3,729,2
3,730,1
3,731,2
3,732,2
3,733,5
3,734,4
3,735,6
3,736,3
3,737,3
3,738,7
3,739,5
3,740,3
3,741,4
3,742,7
3,743,1
3,744,3
3,745,4
3,746,5
3,747,7
3,748,4
3,749,1
3,750,2
3,751,5
3,752,1
3,753,7
3,754,6
3,755,1
3,756,4
3,757,6
3,758,7
3,759,1
3,760,5
3,761,5
3,762,7
3,763,5
3,764,5
3,765,5
3,766,3
3,767,7
3,768,2
3,769,2
3,770,1
3,771,6
3,772,3
3,773,5
3,774,1
3,775,7
3,776,6
3,777,4
3,778,1
3,779,5
3,780,4
3,781,7
3,782,6
3,783,4
3,784,1
3,785,2
3,786,3
3,787,7
3,788,3
3,789,6
3,790,4
3,791,7
3,792,1
3,793,4
3,794,4
3,795,1
3,796,2
3,797,4
3,798,2
3,799,4
3,800,2
3,801,5
3,802,2
3,803,2
3,804,2
3,805,2
3,806,3
3,807,5
3,808,3
3,809,7
3,810,4
3,811,7
3,812,5
3,813,1
3,814,7
3,815,2
3,816,3
3,817,4
3,818,2
3,819,3
3,820,5
3,821,2
3,822,5
3,823,7
3,824,4
3,825,4
3,826,1
3,827,7
3,828,3
3,829,6
3,830,6
3,831,5
3,832,4
3,833,1
3,834,6
3,835,4
3,836,2
3,837,6
3,838,6
3,839,3
3,840,3
3,841,6
3,842,6
3,843,5
3,844,6
3,845,6
3,846,6
3,847,4
3,848,2
3,849,7
3,850,1
3,851,7
3,852,1
3,853,1
3,854,7
3,855,3
3,856,7
3,857,3
3,858,4
3,859,7
3,860,5
3,861,7
3,862,6
3,863,4
3,864,5
3,865,2
3,866,6
3,867,2
3,868,3
3,869,4
3,870,3
3,871,4
3,872,4
3,873,5
3,874,7
3,875,6
3,876,5
3,877,6
3,878,7
3,879,5
3,880,5
3,881,1
3,882,6
3,883,6
3,884,3
3,885,5
3,886,7
3,887,5
3,888,5
3,889,5
3,890,4
3,891,1
3,892,4
3,893,2
3,894,2
3,895,5
3,896,6
3,897,4
3,898,7
3,899,4
3,900,2
3,901,6
3,902,6
3,903,7
3,904,6
3,905,5
3,906,2
3,907,4
3,908,3
3,909,7
3,910,3
3,911,7
3,912,6
3,913,6
3,914,7
3,915,5
3,916,6
3,917,2
3,918,6
3,919,5
3,920,2
3,921,7
3,922,7
3,923,4
3,924,6
3,925,6
3,926,2
3,927,3
3,928,4
3,929,4
3,930,2
3,931,1
3,932,1
3,933,7
3,934,5
3,935,1
3,936,6
3,937,4
3,938,6
3,939,7
3,940,6
3,941,4
3,942,2
3,943,6
3,944,3
3,945,5
3,946,7
3,947,5
3,948,7
3,949,4
3,950,7
3,951,2
3,952,1
3,953,1
3,954,1
3,955,1
3,956,1
3,957,1
3,958,1
3,959,1
3,960,1
3,961,1
3,962,1
3,963,1
3,964,1
3,965,1
3,966,1
3,967,1
3,968,1
3,969,1
3,970,1
3,971,1
3,972,1
3,973,1
3,974,1
3,975,1
3,976,1
3,977,1
3,978,1
3,979,1
3,980,1
3,981,1
3,982,1
3,983,1
3,984,1
3,985,1
3,986,1
3,987,1
3,988,1
3,989,1
3,990,1
3,991,1
3,992,1
3,993,1
3,994,1
3,995,1
3,996,1
3,997,1
3,998,1
3,999,1
3,1000,1
4,1,6
4,2,3
4,3,2
4,4,4
4,5,5
4,6,2
4,7,6
4,8,2
4,9,3
4,10,2
4,11,1
4,12,6
4,13,6
4,14,1
4,15,3
4,16,4
4,17,3
4,18,7
4,19,5
4,20,2
4,21,1
4,22,4
4,23,2
4,24,6
4,25,2
4,26,2
4,27,2
4,28,5
4,29,1
4,30,5
4,31,4
4,32,6
4,33,4
4,34,6
4,35,4
4,36,7
4,37,5
4,38,2
4,39,4
4,40,5
4,41,6
4,42,6
4,43,2
4,44,5
4,45,1
4,46,7
4,47,5
4,48,3
4,49,6
4,50,2
4,51,4
4,52,2
4,53,3
4,54,6
4,55,7
4,56,6
4,57,5
4,58,4
4,59,7
4,60,5
4,61,7
4,62,5
4,63,6
4,64,6
4,65,7
4,66,7
4,67,7
4,68,2
4,69,6
4,70,5
4,71,4
4,72,5
4,73,4
4,74,7
4,75,3
4,76,6
4,77,6
4,78,4
4,79,3
4,80,3
4,81,4
4,82,2
4,83,2
4,84,1
4,85,1
4,86,6
4,87,2
4,88,2
4,89,2
4,90,2
4,91,5
4,92,5
4,93,4
4,94,6
4,95,5
4,96,7
4,97,6
4,98,7
4,99,5
4,100,3
4,101,5
4,102,4
4,103,7
4,104,4
4,105,5
4,106,5
4,107,2
4,108,2
4,109,1
4,110,1
4,111,2
4,112,3
4,113,6
4,114,5
4,115,1
4,116,6
4,117,1
4,118,6
4,119,5
4,120,1
4,121,5
4,122,3
4,123,4
4,124,7
4,125,1
4,126,6
4,127,5
4,128,1
4,129,2
4,130,7
4,131,2
4,132,5
4,133,7
4,134,6
4,135,5
4,136,4
4,137,5
4,138,5
4,139,1
4,140,6
4,141,6
4,142,3
4,143,4
4,144,1
4,145,4
4,146,2
4,147,3
4,148,1
4,149,1
4,150,1
4,151,1
4,152,2
4,153,7
4,154,7
4,155,2
4,156,3
4,157,7
4,158,7
4,159,5
4,160,3
4,161,6
4,162,5
4,163,6
4,164,6
4,165,5
4,166,3
4,167,3
4,168,5
4,169,2
4,170,6
4,171,5
4,172,6
4,173,4
4,174,4
4,175,2
4,176,2
4,177,3
4,178,3
4,179,6
4,180,4
4,181,2
4,182,3
4,183,1
4,184,2
4,185,7
4,186,4
4,187,2
4,188,6
4,189,7
4,190,7
4,191,3
4,192,2
4,193,4
4,194,7
4,195,6
4,196,2
4,197,7
4,198,5
4,199,5
4,200,2
4,201,5
4,202,5
4,203,4
4,204,6
4,205,1
4,206,6
4,207,3
4,208,2
4,209,1
4,210,4
4,211,2
4,212,3
4,213,2
4,214,6
4,215,2
4,216,5
4,217,4
4,218,7
4,219,4
4,220,6
4,221,2
4,222,4
4,223,5
4,224,2
4,225,4
4,226,6
4,227,4
4,228,4
4,229,4
4,230,2
4,231,4
4,232,1
4,233,2
4,234,2
4,235,2
4,236,2
4,237,4
4,238,7
4,239,5
4,240,4
4,241,3
4,242,1
4,243,7
4,244,6
4,245,2
4,246,5
4,247,5
4,248,1
4,249,4
4,250,4
4,251,2
4,252,1
4,253,6
4,254,3
4,255,6
4,256,2
4,257,1
4,258,1
4,259,1
4,260,3
4,261,2
4,262,7
4,263,2
4,264,7
4,265,6
4,266,2
4,267,6
4,268,4
4,269,5
4,270,3
4,271,7
4,272,7
4,273,7
4,274,6
4,275,3
4,276,5
4,277,4
4,278,4
4,279,3
4,280,4
4,281,5
4,282,4
4,283,5
4,284,6
4,285,3
4,286,1
4,287,3
4,288,6
4,289,4
4,290,1
4,291,4
4,292,2
4,293,7
4,294,5
4,295,3
4,296,2
4,297,7
4,298,4
4,299,2
4,300,4
4,301,2
4,302,6
4,303,1
4,304,7
4,305,5
4,306,5
4,307,1
4,308,3
4,309,4
4,310,7
4,311,2
4,312,2
4,313,4
4,314,6
4,315,4
4,316,6
4,317,1
4,318,7
4,319,4
4,320,5
4,321,6
4,322,6
4,323,4
4,324,4
4,325,2
4,326,6
4,327,2
4,328,1
4,329,1
4,330,5
4,331,7
4,332,4
4,333,7
4,334,2
4,335,1
4,336,1
4,337,5
4,338,5
4,339,3
4,340,1
4,341,5
4,342,1
4,343,7
4,344,2
4,345,4
4,346,1
4,347,5
4,348,6
4,349,4
4,350,3
4,351,7
4,352,5
4,353,3
4,354,2
4,355,1
4,356,2
4,357,4
4,358,1
4,359,4
4,360,5
4,361,6
4,362,5
4,363,4
4,364,7
4,365,4
4,366,2
4,367,1
4,368,4
4,369,2
4,370,7
4,371,4
4,372,4
4,373,7
4,374,6
4,375,5
4,376,4
4,377,6
4,378,3
4,379,2
4,380,1
4,381,1
4,382,6
4,383,7
4,384,2
4,385,6
4,386,7
4,387,3
4,388,5
4,389,4
4,390,6
4,391,7
4,392,4
4,393,2
4,394,7
4,395,7
4,396,6
4,397,2
4,398,5
4,399,1
4,400,7
4,401,6
4,402,1
4,403,2
4,404,2
4,405,5
4,406,1
4,407,6
4,408,5
4,409,7
4,410,5
4,411,3
4,412,2
4,413,4
4,414,2
4,415,1
4,416,5
4,417,2
4,418,1
4,419,6
4,420,3
4,421,3
4,422,3
4,423,5
4,424,6
4,425,6
4,426,1
4,427,5
4,428,5
4,429,5
4,430,4
4,431,7
4,432,6
4,433,5
4,434,2
4,435,7
4,436,5
4,437,2
4,438,5
4,439,6
4,440,4
4,441,3
4,442,3
4,443,1
4,444,1
4,445,4
4,446,1
4,447,4
4,448,7
4,449,4
4,450,3
4,451,2
4,452,5
4,453,5
4,454,6
4,455,5
4,456,2
4,457,7
4,458,7
4,459,5
4,460,2
4,461,6
4,462,3
4,463,4
4,464,2
4,465,5
4,466,6
4,467,3
4,468,2
4,469,3
4,470,2
4,471,4
4,472,2
4,473,4
4,474,6
4,475,2
4,476,4
4,477,1
4,478,1
4,479,7
4,480,1
4,481,2
4,482,5
4,483,3
4,484,2
4,485,5
4,486,7
4,487,4
4,488,4
4,489,7
4,490,7
4,491,3
4,492,4
4,493,7
4,494,2
4,495,5
4,496,6
4,497,4
4,498,4
4,499,2
4,500,3
4,501,4
4,502,5
4,503,5
4,504,1
4,505,6
4,506,6
4,507,4
4,508,5
4,509,5
4,510,1
4,511,2
4,512,6
4,513,6
4,514,4
4,515,4
4,516,1
4,517,1
4,518,7
4,519,5
4,520,3
4,521,4
4,522,7
4,523,7
4,524,2
4,525,7
4,526,4
4,527,1
4,528,2
4,529,7
4,530,7
4,531,5
4,532,7
4,533,6
4,534,2
4,535,4
4,536,4
4,537,5
4,538,7
4,539,7
4,540,5
4,541,3
4,542,7
4,543,6
4,544,3
4,545,6
4,546,6
4,547,4
4,548,5
4,549,3
4,550,1
4,551,3
4,552,2
4,553,3
4,554,2
4,555,5
4,556,5
4,557,7
4,558,1
4,559,7
4,560,2
4,561,2
4,562,1
4,563,1
4,564,2
4,565,5
4,566,1
4,567,2
4,568,5
4,569,7
4,570,4
4,571,7
4,572,2
4,573,2
4,574,4
4,575,7
4,576,5
4,577,3
4,578,5
4,579,1
4,580,1
4,581,2
4,582,4
4,583,1
4,584,2
4,585,1
4,586,5
4,587,4
4,588,5
4,589,2
4,590,6
4,591,3
4,592,2
4,593,2
4,594,3
4,595,2
4,596,2
4,597,1
4,598,7
4,599,7
4,600,3
4,601,5
4,602,6
4,603,5
4,604,7
4,605,2
4,606,1
4,607,3
4,608,1
4,609,5
4,610,6
4,611,4
4,612,3
4,613,4
4,614,1
4,615,1
4,616,4
4,617,3
4,618,7
4,619,4
4,620,4
4,621,5
4,622,7
4,623,6
4,624,2
4,625,7
4,626,6
4,627,3
4,628,1
4,629,6
4,630,1
4,631,1
4,632,7
4,633,7
4,634,2
4,635,5
4,636,1
4,637,5
4,638,3
4,639,5
4,640,5
4,641,4
4,642,2
4,643,4
4,644,3
4,645,4
4,646,2
4,647,1
4,648,6
4,649,5
4,650,2
4,651,4
4,652,5
4,653,3
4,654,4
4,655,3
4,656,1
4,657,6
4,658,4
4,659,4
4,660,2
4,661,1
4,662,4
4,663,3
4,664,2
4,665,1
4,666,2
4,667,5
4,668,7
4,669,1
4,670,4
4,671,3
4,672,6
4,673,4
4,674,4
4,675,6
4,676,3
4,677,4
4,678,7
4,679,7
4,680,4
4,681,7
4,682,3
4,683,2
4,684,6
4,685,5
4,686,5
4,687,2
4,688,6
4,689,6
4,690,2
4,691,6
4,692,6
4,693,1
4,694,6
4,695,5
4,696,4
4,697,2
4,698,4
4,699,2
4,700,6
4,701,2
4,702,6
4,703,2
4,704,4
4,705,7
4,706,7
4,707,6
4,708,5
4,709,2
4,710,3
4,711,4
4,712,3
4,713,3
4,714,6
4,715,4
4,716,3
4,717,4
4,718,2
4,719,6
4,720,7
4,721,7
4,722,3
4,723,7
4,724,7
4,725,2
4,726,7
4,727,4
4,728,2
4,729,2
4,730,1
4,731,2
4,732,2
4,733,5
4,734,4
4,735,6
4,736,3
4,737,3
4,738,7
4,739,5
4,740,3
4,741,4
4,742,7
4,743,1
4,744,3
4,745,4
4,746,5
4,747,7
4,748,4
4,749,1
4,750,2
4,751,5
4,752,1
4,753,7
4,754,6
4,755,1
4,756,4
4,757,6
4,758,7
4,759,1
4,760,5
4,761,5
4,762,7
4,763,5
4,764,5
4,765,5
4,766,3
4,767,7
4,768,2
4,769,2
4,770,1
4,771,6
4,772,3
4,773,5
4,774,1
4,775,7
4,776,6
4,777,4
4,778,1
4,779,5
4,780,4
4,781,7
4,782,6
4,783,4
4,784,1
4,785,2
4,786,3
4,787,7
4,788,3
4,789,6
4,790,4
4,791,7
4,792,1
4,793,4
4,794,4
4,795,1
4,796,2
4,797,4
4,798,2
4,799,4
4,800,2
4,801,5
4,802,2
4,803,2
4,804,2
4,805,2
4,806,3
4,807,5
4,808,3
4,809,7
4,810,4
4,811,7
4,812,5
4,813,1
4,814,7
4,815,2
4,816,3
4,817,4
4,818,2
4,819,3
4,820,5
4,821,2
4,822,5
4,823,7
4,824,4
4,825,4
4,826,1
4,827,7
4,828,3
4,829,6
4,830,6
4,831,5
4,832,4
4,833,1
4,834,6
4,835,4
4,836,2
4,837,6
4,838,6
4,839,3
4,840,3
4,841,6
4,842,6
4,843,5
4,844,6
4,845,6
4,846,6
4,847,4
4,848,2
4,849,7
4,850,1
4,851,7
4,852,1
4,853,1
4,854,7
4,855,3
4,856,7
4,857,3
4,858,4
4,859,7
4,860,5
4,861,7
4,862,6
4,863,4
4,864,5
4,865,2
4,866,6
4,867,2
4,868,3
4,869,4
4,870,3
4,871,4
4,872,4
4,873,5
4,874,7
4,875,6
4,876,5
4,877,6
4,878,7
4,879,5
4,880,5
4,881,1
4,882,6
4,883,6
4,884,3
4,885,5
4,886,7
4,887,5
4,888,5
4,889,5
4,890,4
4,891,1
4,892,4
4,893,2
4,894,2
4,895,5
4,896,6
4,897,4
4,898,7
4,899,4
4,900,2
4,901,6
4,902,6
4,903,7
4,904,6
4,905,5
4,906,2
4,907,4
4,908,3
4,909,7
4,910,3
4,911,7
4,912,6
4,913,6
4,914,7
4,915,5
4,916,6
4,917,2
4,918,6
4,919,5
4,920,2
4,921,7
4,922,7
4,923,4
4,924,6
4,925,6
4,926,2
4,927,3
4,928,4
4,929,4
4,930,2
4,931,1
4,932,1
4,933,7
4,934,5
4,935,1
4,936,6
4,937,4
4,938,6
4,939,7
4,940,6
4,941,4
4,942,2
4,943,6
4,944,3
4,945,5
4,946,7
4,947,5
4,948,7
4,949,4
4,950,7
4,951,2
4,952,1
4,953,1
4,954,1
4,955,1
4,956,1
4,957,1
4,958,1
4,959,1
4,960,1
4,961,1
4,962,1
4,963,1
4,964,1
4,965,1
4,966,1
4,967,1
4,968,1
4,969,1
4,970,1
4,971,1
4,972,1
4,973,1
4,974,1
4,975,1
4,976,1
4,977,1
4,978,1
4,979,1
4,980,1
4,981,1
4,982,1
4,983,1
4,984,1
4,985,1
4,986,1
4,987,1
4,988,1
4,989,1
4,990,1
4,991,1
4,992,1
4,993,1
4,994,1
4,995,1
4,996,1
4,997,1
4,998,1
4,999,1
4,1000,1
