,0,1,cluster,KMeans,ID
0,-8.859946567117872,6.242015674556766,blue,blue,1
1,-8.697228691436155,5.979997306591766,blue,blue,2
2,-9.452881237988175,6.042465011202447,blue,blue,3
3,-9.641160611280364,7.384834865005859,blue,blue,4
4,-10.547006183016395,6.046468673673748,blue,blue,5
5,-11.188308997769347,6.519474461661308,blue,blue,6
6,-9.95899075273762,6.659487656034085,blue,blue,7
7,-9.262437765143645,5.779260809675939,blue,blue,8
8,-10.067373547603234,6.45748610901068,blue,blue,9
9,-8.558319354677487,7.365110529399855,blue,blue,10
10,-12.077596167732302,6.925019408142093,blue,blue,11
11,-9.86488654269538,6.803131253238698,blue,blue,12
12,-10.16613748130786,5.98970163235221,blue,blue,13
13,-9.656860062650997,5.496369753419952,blue,blue,14
14,-9.182486874030769,6.819128967609788,blue,blue,15
15,-10.397348149270641,6.597616866431388,blue,blue,16
16,-11.263742194658645,8.571137027799402,blue,blue,17
17,-9.086415850272568,7.57771136866068,blue,blue,18
18,-10.087673015042885,6.868545691519223,blue,blue,19
19,-10.11518661288917,6.279034077957091,blue,blue,20
20,-10.199276887407986,6.663482161679587,blue,blue,21
21,-10.942171644049251,5.813751146541022,blue,blue,22
22,-11.318827919631328,6.437275768966301,blue,blue,23
23,-11.05836766090055,6.740949300765065,blue,blue,24
24,-9.211484252154124,5.804926262876235,blue,blue,25
25,-10.810562824895307,5.888620295543387,blue,blue,26
26,-10.19287383505341,5.819016305550652,blue,blue,27
27,-8.368613335796104,7.068153746516545,blue,blue,28
28,-11.147564209781448,7.656188619324488,blue,blue,29
29,-9.547323565486373,6.830734602510216,blue,blue,30
30,-10.005552637070375,4.374929372707509,blue,blue,31
31,-9.235957000990103,6.598514416016462,blue,blue,32
32,-9.950575748830808,6.161835711550648,blue,blue,33
33,-10.574984247830294,6.10063715579785,blue,blue,34
34,-8.536591700041647,6.362001168668545,blue,blue,35
35,-9.006470565190014,5.307394350320152,blue,blue,36
36,-10.605766068279378,4.510374953576321,blue,blue,37
37,-9.120154904860946,6.925743243528674,blue,blue,38
38,-11.638316117821212,6.913258750595366,blue,blue,39
39,-9.012771741017279,6.218709574889008,blue,blue,40
40,-9.974185772098817,6.156743122126678,blue,blue,41
41,-9.027832787826613,7.105536728693211,blue,blue,42
42,-10.483924470872516,6.880761500339458,blue,blue,43
43,-8.990754601194064,7.211246230197414,blue,blue,44
44,-8.033182545554476,7.159887463975918,blue,blue,45
45,-10.102947951339987,6.58218705615589,blue,blue,46
46,-8.120667198768016,8.712264929899522,blue,blue,47
47,-9.208963461177863,8.011067603884994,blue,blue,48
48,-9.590488463369843,8.353976495497356,blue,blue,49
49,-9.149621244230996,6.18397907203427,blue,blue,50
50,-10.113706578895881,8.335224338748215,blue,blue,51
51,-10.468992052121603,6.572785806385406,blue,blue,52
52,-10.078274283151588,8.604563679706116,blue,blue,53
53,-11.629137740134423,8.274460919492364,blue,blue,54
54,-9.443138132590695,7.079008967893906,blue,blue,55
55,-9.294550700571072,5.798488335788109,blue,blue,56
56,-10.668267200685511,6.336895802193184,blue,blue,57
57,-12.120813387522,8.537017827634253,blue,blue,58
58,-8.323116627405,7.06730446441655,blue,blue,59
59,-9.59856028628568,7.390797121262905,blue,blue,60
60,-8.949174217613294,8.766903163200674,blue,blue,61
61,-9.347560147035626,6.967215526896587,blue,blue,62
62,-8.916548846173564,7.690059387843299,blue,blue,63
63,-11.17441318447484,8.5665493670673,blue,blue,64
64,-9.2172120795967,7.050709822511851,blue,blue,65
65,-9.706253386277007,5.288863051035155,blue,blue,66
66,-9.957983685976222,5.273962893936656,blue,blue,67
67,-8.656505963608247,7.427362787042861,blue,blue,68
68,-10.236397768224641,6.129738860346372,blue,blue,69
69,-9.066724451244806,6.229182185325284,blue,blue,70
70,-8.508349864802392,6.669495057685495,blue,blue,71
71,-9.196822947373944,3.865574216246962,blue,blue,72
72,-9.739593237860767,7.8023604294366775,blue,blue,73
73,-9.866403647298572,6.695727497924721,blue,blue,74
74,-9.23504609006167,7.178211754566034,blue,blue,75
75,-7.451262429221946,7.865824926980943,blue,blue,76
76,-8.854383528519758,6.080206230832793,blue,blue,77
77,-9.911714187856457,8.339355214425968,blue,blue,78
78,-9.683378874674853,6.220364446082414,blue,blue,79
79,-7.182736511337296,7.252920238514108,blue,blue,80
80,-10.184375788390959,7.269338660271519,blue,blue,81
81,-11.701395377258844,5.341461302084617,blue,blue,82
82,-11.115062565281107,7.728968042100456,blue,blue,83
83,-10.232867609341326,8.61920625853776,blue,blue,84
84,-10.448719381388853,6.336646697591133,blue,blue,85
85,-8.547884019313965,5.099409523782559,blue,blue,86
86,-11.870014516747355,5.914778743489808,blue,blue,87
87,-10.037745563055642,7.696896932347235,blue,blue,88
88,-8.752091321289017,6.404908388197341,blue,blue,89
89,-8.682394633521803,6.574541158101207,blue,blue,90
90,-9.852014771019723,8.066019881053592,blue,blue,91
91,-11.75584457463131,6.4366916985450215,blue,blue,92
92,-9.215181463944829,7.213733610758633,blue,blue,93
93,-8.321663485346123,5.7299794566894295,blue,blue,94
94,-8.799857175759968,5.934983784545996,blue,blue,95
95,-10.135452643421038,6.499234072891712,blue,blue,96
96,-9.441773461985267,7.008898284343759,blue,blue,97
97,-9.361193627819961,6.51762417618775,blue,blue,98
98,-7.317490816103245,7.07126147408265,blue,blue,99
99,-9.265751983905739,5.670478963782404,blue,blue,100
100,-9.46825380210442,6.30530802597714,blue,blue,101
101,-10.146684909324826,5.18725672840499,blue,blue,102
102,-9.072082461221804,5.80930705040532,blue,blue,103
103,-10.361274062537136,8.147591007077107,blue,blue,104
104,-9.917530566709154,5.880357676791595,blue,blue,105
105,-10.321960105459134,4.084568590897566,blue,blue,106
106,-10.810421378792373,6.6834247666898605,blue,blue,107
107,-10.113414087680951,6.113657886519363,blue,blue,108
108,-9.570190108364201,6.14084621404294,blue,blue,109
109,-10.126275969900826,5.495101228470089,blue,blue,110
110,-8.88134705859323,6.66702084658933,blue,blue,111
111,-11.189940253866652,7.354273483670069,blue,blue,112
112,-9.929865898778614,5.622811481801285,blue,blue,113
113,-8.855870681445584,6.946012393071963,blue,blue,114
114,-9.331897440842503,6.153458480207709,blue,blue,115
115,-9.447859037667374,5.844997387962389,blue,blue,116
116,-10.990428104724153,9.109217356632575,blue,blue,117
117,-8.201648876484724,9.077130194902768,blue,blue,118
118,-7.646607254190265,6.936264126779183,blue,blue,119
119,-10.684992115090127,7.148773434256121,blue,blue,120
120,-10.975026921796122,8.371394754248666,blue,blue,121
121,-10.083322493874636,6.314089828980882,blue,blue,122
122,-8.878222126123125,6.871309587626496,blue,blue,123
123,-9.420542843676923,7.618288523610131,blue,blue,124
124,-10.002653249288715,5.964709449946477,blue,blue,125
125,-11.576943945478686,6.847864508061418,blue,blue,126
126,-6.634213514773974,6.280287592714203,blue,blue,127
127,-10.352805441121985,5.929465210311594,blue,blue,128
128,-8.361628425128464,5.965436470735249,blue,blue,129
129,-10.843407046714638,6.547820280367673,blue,blue,130
130,-9.313476170527018,6.271964699467619,blue,blue,131
131,-9.936646918161555,7.48196426243887,blue,blue,132
132,-8.988763481105023,8.17380395428539,blue,blue,133
133,-9.93723256080302,6.896806237309814,blue,blue,134
134,-9.626535460003103,5.377385369996887,blue,blue,135
135,-10.137010302431866,5.557900813177924,blue,blue,136
136,-9.679857479172071,6.97957371390141,blue,blue,137
137,-11.722218570737214,7.656122777104133,blue,blue,138
138,-10.384156252571952,5.9948679267658225,blue,blue,139
139,-10.795926487952954,5.647444086425959,blue,blue,140
140,-8.05554135944621,5.612406004108162,blue,blue,141
141,-9.91133894174019,6.0435054854159755,blue,blue,142
142,-9.968989708945914,7.316880500134931,blue,blue,143
143,-10.467250131973522,7.275867039627592,blue,blue,144
144,-8.47793721176239,7.029123913941419,blue,blue,145
145,-8.595553414257068,5.9799876428366465,blue,blue,146
146,-9.093545542019777,5.913037783307108,blue,blue,147
147,-9.763755292852725,5.948209749288856,blue,blue,148
148,-9.441206446475615,6.54199255306305,blue,blue,149
149,-9.8164442505477,6.832365808559143,blue,blue,150
150,-10.819926254093543,7.289081590003015,blue,blue,151
151,-11.324706577613416,7.339724433009046,blue,blue,152
152,-11.295561109096113,5.786971370602814,blue,blue,153
153,-9.740347111186184,6.900533289961431,blue,blue,154
154,-10.190647030957289,6.31612697491552,blue,blue,155
155,-9.75426077043737,7.006582593440166,blue,blue,156
156,-10.864146417814867,5.7675408693094505,blue,blue,157
157,-10.928764169842424,6.2538603418474175,blue,blue,158
158,-10.43611977867258,6.740281319451878,blue,blue,159
159,-9.245262261982088,7.749915835754401,blue,blue,160
160,-9.994148791116046,8.119264924825323,blue,blue,161
161,-10.605287559488097,8.177586844080752,blue,blue,162
162,-10.061927222722813,6.461522079231652,blue,blue,163
163,-10.283628654293503,5.6024444370179225,blue,blue,164
164,-8.26133454582288,7.383656843918498,blue,blue,165
165,-8.900389766532822,6.750275919437401,blue,blue,166
166,-8.085300426060149,6.899574407206241,blue,blue,167
167,-10.017875913376846,7.3390939580687125,blue,blue,168
168,-10.212166739521779,5.413395156048757,blue,blue,169
169,-10.477397946353864,4.09143176593024,blue,blue,170
170,-11.62590221372731,7.311651179797175,blue,blue,171
171,-10.780632930493192,6.578304115539342,blue,blue,172
172,-9.627030952649429,6.884057655140676,blue,blue,173
173,-10.14717455515957,4.683547217317844,blue,blue,174
174,-10.140940596448283,6.748391322789438,blue,blue,175
175,-9.920820165918789,6.478353479302783,blue,blue,176
176,-10.460513242079804,7.872794841128577,blue,blue,177
177,-9.317840616209343,6.303273561941744,blue,blue,178
178,-11.018070724081582,7.411695803943604,blue,blue,179
179,-10.257045826311296,6.14424665047929,blue,blue,180
180,-8.72497813957099,8.737792378242977,blue,blue,181
181,-11.904236366375269,5.788087971978101,blue,blue,182
182,-12.009399844791522,7.120784708006747,blue,blue,183
183,-9.964706199498785,6.8942498986004175,blue,blue,184
184,-10.181155472149479,5.905343888379045,blue,blue,185
185,-10.775392972446841,6.841663014228417,blue,blue,186
186,-10.072313216277083,7.173345484293174,blue,blue,187
187,-11.291460506027597,8.555170493531815,blue,blue,188
188,-9.901652664692689,5.502168049069307,blue,blue,189
189,-9.14408843738056,8.096066513915487,blue,blue,190
190,-9.315134239217285,6.5544621754001495,blue,blue,191
191,-10.254838787881527,7.894079873309142,blue,blue,192
192,-10.86776956292221,5.916873420191394,blue,blue,193
193,-9.86006325161373,6.247810634945443,blue,blue,194
194,-10.862732268437803,6.089760954155224,blue,blue,195
195,-10.362426600864854,7.427950877045942,blue,blue,196
196,-11.654168912829963,6.418304420594609,blue,blue,197
197,-10.453799845159507,6.367601984880412,blue,blue,198
198,-9.895298969066484,7.639058637817016,blue,blue,199
199,-10.26921855789173,5.005724777140818,blue,blue,200
200,-10.346744886589606,7.581417092599127,blue,blue,201
201,-9.695690945310007,7.080840723363346,blue,blue,202
202,-10.25967164721665,5.876845756942272,blue,blue,203
203,-9.299877885412476,7.020479495814831,blue,blue,204
204,-9.717434847676373,5.992760935488663,blue,blue,205
205,-11.037950313010755,7.002281682672428,blue,blue,206
206,-10.131412080093902,7.125721497795627,blue,blue,207
207,-9.01595455287892,7.44049814363934,blue,blue,208
208,-10.701172292716175,5.741214773996647,blue,blue,209
209,-10.597061351702648,5.3717896430568475,blue,blue,210
210,-11.597214306995218,6.966776561501238,blue,blue,211
211,-10.976098229271155,9.189468308423223,blue,blue,212
212,-11.46040116849767,7.583497613167306,blue,blue,213
213,-8.230328616995369,6.976755483866567,blue,blue,214
214,-8.711596517772426,6.086086589187712,blue,blue,215
215,-9.319561062583997,7.183880607393781,blue,blue,216
216,-10.861129861108608,6.868576477335337,blue,blue,217
217,-12.395291381284938,5.235161962521451,blue,blue,218
218,-9.608002146842066,4.91086138539184,blue,blue,219
219,-10.63078213885029,7.427908463448184,blue,blue,220
220,-10.340401428098332,3.209720052424736,blue,blue,221
221,-8.680068422778382,7.021427134905349,blue,blue,222
222,-8.820464128690856,6.357135251480906,blue,blue,223
223,-9.075813447372465,8.645182473298217,blue,blue,224
224,-9.167464458758495,6.67342159181535,blue,blue,225
225,-11.09758485845498,7.959406992992816,blue,blue,226
226,-10.59855674065295,7.661065825083879,blue,blue,227
227,-9.03588710385654,5.961137972683435,blue,blue,228
228,-9.755676580195518,6.7218031267675435,blue,blue,229
229,-9.76006721436851,7.680930200750557,blue,blue,230
230,-9.824764319062078,7.970964961953019,blue,blue,231
231,-9.989603957382034,5.523759467635682,blue,blue,232
232,-9.879642132298047,7.301932270501965,blue,blue,233
233,-10.318875568376003,5.49934608075505,blue,blue,234
234,-9.467648448008722,6.980752922435802,blue,blue,235
235,-9.605816790373556,6.832333205943334,blue,blue,236
236,-10.01307697660616,7.927428696715247,blue,blue,237
237,-9.845731796009783,6.027603337947854,blue,blue,238
238,-8.636207671771233,6.218779658825758,blue,blue,239
239,-10.329530077787046,5.509346941444451,blue,blue,240
240,-9.063939979726035,7.01642002335795,blue,blue,241
241,-10.211411673869884,7.2785252667009965,blue,blue,242
242,-9.4380842312234,5.500247223384373,blue,blue,243
243,-8.517801568167302,6.210205099191457,blue,blue,244
244,-10.98626254092347,5.525979497244799,blue,blue,245
245,-9.602580278503499,6.64594509147349,blue,blue,246
246,-10.460135104773958,6.0034061220126445,blue,blue,247
247,-8.828710249683411,6.748985506834624,blue,blue,248
248,-8.787167519068408,7.770161905482018,blue,blue,249
249,-9.57311063870287,6.653900447565745,blue,blue,250
250,-9.47966189530486,6.439168950214321,blue,blue,251
251,-8.267857328648034,5.191464644048798,blue,blue,252
252,-10.11146710800668,7.716701782337544,blue,blue,253
253,-9.47470194791064,6.92588824183052,blue,blue,254
254,-9.72142266543433,6.7514321309802225,blue,blue,255
255,-10.068333548830923,5.2895361100510145,blue,blue,256
256,-10.562250305671526,5.713585234435548,blue,blue,257
257,-10.719123525557087,8.498388194985528,blue,blue,258
258,-9.16701396487157,5.708957306662829,blue,blue,259
259,-10.006951462650237,5.796567253194502,blue,blue,260
260,-10.283826722605108,6.067305657649491,blue,blue,261
261,-10.345683248406404,6.470904164884912,blue,blue,262
262,-6.688246676164493,6.766247190330007,blue,blue,263
263,-10.708515309457516,4.622579440893105,blue,blue,264
264,-9.37680059037071,5.563212577890248,blue,blue,265
265,-10.003368615137207,7.2944538478173335,blue,blue,266
266,-11.961816873156437,7.893005309459982,blue,blue,267
267,-10.66290660801139,6.4486926653636685,blue,blue,268
268,-10.079929908067147,5.8021011070435335,blue,blue,269
269,-9.4077438834237,6.2121954489530635,blue,blue,270
270,-9.320352030080427,5.896175129992563,blue,blue,271
271,-8.96041816753687,5.784664780935765,blue,blue,272
272,-12.086170344335367,7.2901730813948245,blue,blue,273
273,-8.335473289094475,5.855807585857558,blue,blue,274
274,-9.800122772254257,6.902993609686096,blue,blue,275
275,-11.407794826067644,5.454172292351274,blue,blue,276
276,-9.634382707964026,7.562631751863063,blue,blue,277
277,-10.493283829156724,6.9953536851536695,blue,blue,278
278,-9.829282460733387,5.993414145498069,blue,blue,279
279,-10.291496265796942,7.22884177148363,blue,blue,280
280,-8.75840134095941,6.027995369504836,blue,blue,281
281,-10.570493968990998,8.341715976564444,blue,blue,282
282,-10.466651283367503,8.09387959418673,blue,blue,283
283,-10.215845438528376,7.2134521204857736,blue,blue,284
284,-8.510609702956195,6.308041882562142,blue,blue,285
285,-11.559111785983704,5.923021388430097,blue,blue,286
286,-10.828035604564386,7.310036209664466,blue,blue,287
287,-8.958385965121021,5.567315529885155,blue,blue,288
288,-10.158582364499258,6.061796263472042,blue,blue,289
289,-10.724941482131245,7.014291280105793,blue,blue,290
290,-10.394402708721133,6.1185876169429445,blue,blue,291
291,-10.422908603245407,6.483483914858689,blue,blue,292
292,-8.095474278176235,5.482808217007532,blue,blue,293
293,-10.09334263998475,8.520816902200435,blue,blue,294
294,-10.52857345465924,6.655036114194214,blue,blue,295
295,-9.617842737669655,4.0609063532379945,blue,blue,296
296,-10.591484174354065,6.311478598606481,blue,blue,297
297,-8.660964920962703,6.320193217213987,blue,blue,298
298,-10.334544264868818,8.085608851183787,blue,blue,299
299,-9.068639955538604,6.689527981556261,blue,blue,300
300,-11.00202478671531,8.539886646716987,blue,blue,301
301,-10.228128335545884,6.8470405886092935,blue,blue,302
302,-10.356706754764648,6.610941735398574,blue,blue,303
303,-10.156261781468261,6.135733331155862,blue,blue,304
304,-10.376600972576668,7.646782106302648,blue,blue,305
305,-9.79945604042484,6.315711738864335,blue,blue,306
306,-9.027536863397145,5.40139309034679,blue,blue,307
307,-9.399157115970134,6.606214985705919,blue,blue,308
308,-10.460119689822605,6.523513596609746,blue,blue,309
309,-10.579987036060412,7.646218766851206,blue,blue,310
310,-8.37519927918245,5.818378069972487,blue,blue,311
311,-7.981063307324267,5.956186346649639,blue,blue,312
312,-10.460435535864633,7.443095412228237,blue,blue,313
313,-10.695470308143154,6.6263483980825075,blue,blue,314
314,-8.079894925573544,7.069983502646187,blue,blue,315
315,-11.121320586836912,6.993773666761219,blue,blue,316
316,-7.740419576428583,7.412887921297487,blue,blue,317
317,-11.238439648549372,7.657670364023191,blue,blue,318
318,-8.490492928007699,6.135356009366201,blue,blue,319
319,-9.917152823037002,6.617643760052993,blue,blue,320
320,-10.46020986999319,7.76003964154493,blue,blue,321
321,-10.181133124027392,6.148684310563439,blue,blue,322
322,-10.356967976091799,6.621787578768054,blue,blue,323
323,-9.773878994427191,6.423530946969768,blue,blue,324
324,-11.32132509498697,6.278648945734062,blue,blue,325
325,-9.156498603612516,7.350402597011051,blue,blue,326
326,-10.292741144420253,4.8706210837664115,blue,blue,327
327,-8.099586548482467,5.816943155629694,blue,blue,328
328,-10.12337687786446,6.894845238853488,blue,blue,329
329,-10.827232430948262,7.776343444107574,blue,blue,330
330,-9.249410224457943,6.447745833107723,blue,blue,331
331,-10.899961347581312,7.356371611981996,blue,blue,332
332,-8.614949264210358,7.565982098829476,blue,blue,333
333,-10.650635158012577,5.850217085987688,blue,blue,334
334,-9.694748235318125,6.229242579596019,blue,blue,335
335,-9.162179889154189,5.655974463544639,blue,blue,336
336,-11.271814529277938,6.69324261399617,blue,blue,337
337,-10.566981164023986,6.437374674501592,blue,blue,338
338,-8.695339921598286,4.965236181461475,blue,blue,339
339,-10.538193940775459,7.547123155798374,blue,blue,340
340,-9.225180543455433,7.696551796137868,blue,blue,341
341,-11.837304580666554,6.703259527056083,blue,blue,342
342,-9.290605099081695,5.932056135400609,blue,blue,343
343,-11.536461236642435,4.832141328909527,blue,blue,344
344,-8.071979350688718,6.103801813582614,blue,blue,345
345,-8.771062210386077,7.821533445923532,blue,blue,346
346,-9.7253583965629,8.110572022172196,blue,blue,347
347,-9.752519318824271,6.096197821995653,blue,blue,348
348,-9.761935741759121,6.491829799279006,blue,blue,349
349,-9.88291538272669,7.694092747726705,blue,blue,350
350,-11.023822304846497,7.0091466279989545,blue,blue,351
351,-10.693953577464276,7.961041427690402,blue,blue,352
352,-7.843280644974021,6.906980165482912,blue,blue,353
353,-11.029748790732794,8.177818217720462,blue,blue,354
354,-10.528017917767727,5.400551815539081,blue,blue,355
355,-9.583926427257115,5.676065823251393,blue,blue,356
356,-10.538216306171554,7.2342071606117635,blue,blue,357
357,-10.360549978539453,7.453482871180296,blue,blue,358
358,-10.714418622401958,6.391912457863823,blue,blue,359
359,-8.924091882331014,6.284714493722877,blue,blue,360
360,-9.567590364603996,6.431960763492678,blue,blue,361
361,-8.572389041812677,6.924766752282029,blue,blue,362
362,-9.693159404803113,5.856221819419316,blue,blue,363
363,-11.030617090171896,5.473589477317679,blue,blue,364
364,-9.996111102793257,6.040757922446671,blue,blue,365
365,-8.689476382902548,6.65335056837419,blue,blue,366
366,-9.531217927074241,7.10921361086797,blue,blue,367
367,-9.856892567796175,7.092278716393901,blue,blue,368
368,-9.718628030716538,6.451594248006054,blue,blue,369
369,-9.343599236107034,6.726726176186181,blue,blue,370
370,-9.596847746868537,5.657116793000135,blue,blue,371
371,-8.770004894779596,6.533702004512136,blue,blue,372
372,-10.987296033396651,5.836682296003151,blue,blue,373
373,-11.362223954988664,7.933903643901295,blue,blue,374
374,-11.11898973949279,5.032635761966378,blue,blue,375
375,-9.872664607624682,7.0494568531873565,blue,blue,376
376,-10.672197571249757,5.139136115745169,blue,blue,377
377,-9.448588750337658,6.414995822014339,blue,blue,378
378,-11.102900597562444,6.517885940518987,blue,blue,379
379,-9.13419522635005,5.1488100496729015,blue,blue,380
380,-10.02096751773843,6.88340409727756,blue,blue,381
381,-10.88112844256963,7.350673913378842,blue,blue,382
382,-11.702355128256453,6.159330563661181,blue,blue,383
383,-10.399381225619146,5.700048514488735,blue,blue,384
384,-10.455786274793988,5.402604028675803,blue,blue,385
385,-11.12519628341997,7.078549188456532,blue,blue,386
386,-11.07337502951788,6.504630603310409,blue,blue,387
387,-8.990245224549968,7.90796094981398,blue,blue,388
388,-12.257871211178202,7.0680436481062,blue,blue,389
389,-10.488959259335651,7.786179285161694,blue,blue,390
390,-9.997141403403123,5.519017947079019,blue,blue,391
391,-9.607448936022973,7.419478532502572,blue,blue,392
392,-9.320127600408966,6.215635193202203,blue,blue,393
393,-10.169933956210382,6.3418762824207855,blue,blue,394
394,-9.88212188834923,7.011245952059943,blue,blue,395
395,-10.333117278996417,6.024169040197424,blue,blue,396
396,-8.993423570499639,7.781859873366487,blue,blue,397
397,-9.495003884982152,6.8519031933322285,blue,blue,398
398,-8.779867235836242,5.758622475079276,blue,blue,399
399,-10.385992954032348,4.905232849040406,blue,blue,400
400,-12.148337005470086,5.561707190394938,blue,blue,401
401,-10.045859228296898,4.797108517300922,blue,blue,402
402,-11.039367231000611,5.435656156490776,blue,blue,403
403,-9.38158069191004,4.857633281062586,blue,blue,404
404,-9.960367445557825,6.105131051436508,blue,blue,405
405,-9.45746267393256,6.011445885267253,blue,blue,406
406,-9.251009587369547,5.838612722166386,blue,blue,407
407,-9.302536251300339,5.659210171748288,blue,blue,408
408,-11.408486077181117,7.5953344212404446,blue,blue,409
409,-10.301676204771333,7.613359367356191,blue,blue,410
410,-8.892498564596659,6.921296655494229,blue,blue,411
411,-8.745105466518973,6.139825256215316,blue,blue,412
412,-10.314956572283533,5.07945121249855,blue,blue,413
413,-8.210708266652372,6.274673006091478,blue,blue,414
414,-8.906574711096177,6.025089655907973,blue,blue,415
415,-11.226484233001125,6.328167502917378,blue,blue,416
416,-10.382231392107043,6.453136512371033,blue,blue,417
417,-9.852297596834005,5.371227656883509,blue,blue,418
418,-7.560479849642497,5.651120834576439,blue,blue,419
419,-9.016893218272829,7.565928640265096,blue,blue,420
420,-9.527279556342132,6.640171439818772,blue,blue,421
421,-10.420735684840762,6.803567929195127,blue,blue,422
422,-9.46574234442994,6.472571854631096,blue,blue,423
423,-9.832746010742406,9.33659182018069,blue,blue,424
424,-8.153330958693898,8.951752668356438,blue,blue,425
425,-9.985851635998047,6.789381973019201,blue,blue,426
426,-8.794801863658467,5.447603187304593,blue,blue,427
427,-10.42639718628991,5.4499560363634005,blue,blue,428
428,-9.118766910606,5.929539448277625,blue,blue,429
429,-8.558439612277876,6.226663795261433,blue,blue,430
430,-9.550171128256784,7.7956760147267214,blue,blue,431
431,-10.475747817293492,7.511960816795596,blue,blue,432
432,-8.530626588872872,5.629977282562452,blue,blue,433
433,-11.147405808045242,6.037388842189855,blue,blue,434
434,-9.127709449149428,7.588566979942578,blue,blue,435
435,-9.641738864377626,5.481967077595854,blue,blue,436
436,-10.256080547450438,7.19900855802252,blue,blue,437
437,-11.04013035089675,5.279964245586989,blue,blue,438
438,-9.596135564413578,6.9429074843997585,blue,blue,439
439,-8.588522416719218,6.177967076497749,blue,blue,440
440,-9.261798877773968,6.97139460632013,blue,blue,441
441,-10.716801610517699,4.670522441699894,blue,blue,442
442,-9.620299415053765,8.135619994336198,blue,blue,443
443,-10.302683507512679,6.871619098746501,blue,blue,444
444,-8.563094908121995,4.648858892332744,blue,blue,445
445,-10.442480479298204,6.07814821871232,blue,blue,446
446,-8.706417024333277,7.666995802784747,blue,blue,447
447,-9.950535458960932,7.027120134304584,blue,blue,448
448,-9.635076172010312,8.879219320670174,blue,blue,449
449,-7.962691332006901,6.483379288668518,blue,blue,450
450,-9.732092748992851,6.5360334722314235,blue,blue,451
451,-9.491357005207327,6.887533526074353,blue,blue,452
452,-10.416901037719038,6.224684648888729,blue,blue,453
453,-9.401064078754855,5.512884535095671,blue,blue,454
454,-10.320285281478506,6.512543988368739,blue,blue,455
455,-9.208519079915888,8.048474634272596,blue,blue,456
456,-8.26264002230366,7.7666861829984395,blue,blue,457
457,-10.646913373796949,5.866578405588964,blue,blue,458
458,-9.953862284446345,7.703993903651634,blue,blue,459
459,-9.803596105727246,7.910862018171146,blue,blue,460
460,-8.952069690997524,7.485519219749098,blue,blue,461
461,-11.36218347647556,6.374182881654631,blue,blue,462
462,-10.050518798921733,7.397023593630098,blue,blue,463
463,-12.07304516541953,7.8505642482775,blue,blue,464
464,-6.339234520465688,7.747757144527111,blue,blue,465
465,-10.418603701748049,7.3719161307770005,blue,blue,466
466,-9.990949763100037,6.612546570709937,blue,blue,467
467,-10.208719847975805,7.251812483259462,blue,blue,468
468,-9.78640225639545,5.525400282631331,blue,blue,469
469,-10.124847693537475,6.436754323595272,blue,blue,470
470,-8.522775265551582,6.499280409243473,blue,blue,471
471,-10.17810413888557,5.830490563780495,blue,blue,472
472,-9.20068950286039,5.851150176637907,blue,blue,473
473,-10.372019165893704,7.494353688603339,blue,blue,474
474,-11.731250688267803,6.1707051247801665,blue,blue,475
475,-9.64988860809136,6.267448015434113,blue,blue,476
476,-9.700090370883169,5.556056795640865,blue,blue,477
477,-9.185598639739693,5.386884003547993,blue,blue,478
478,-9.595202216126482,5.000352766238402,blue,blue,479
479,-9.90643386478544,6.250405420163315,blue,blue,480
480,-9.840619900134874,8.310701873640435,blue,blue,481
481,-10.85336481846428,6.834121839355752,blue,blue,482
482,-9.548819161668666,6.591232333906268,blue,blue,483
483,-10.128149935862949,6.594502609266227,blue,blue,484
484,-6.709787167367464,5.441119960465885,blue,blue,485
485,-10.435477585926057,4.920572204928217,blue,blue,486
486,-8.99583629716524,6.68550359198176,blue,blue,487
487,-8.827343089100541,7.932947582970211,blue,blue,488
488,-9.62445718850595,9.721966181399095,blue,blue,489
489,-9.150392194057622,6.36749260914486,blue,blue,490
490,-10.644433585041991,5.901610023932838,blue,blue,491
491,-12.841941153202804,5.184140705916259,blue,blue,492
492,-8.811452480023892,6.983444942873604,blue,blue,493
493,-10.48116443681994,6.641149365366674,blue,blue,494
494,-9.375248030056266,7.24957649392332,blue,blue,495
495,-9.115043559621892,6.232551513668894,blue,blue,496
496,-11.46669987596351,6.971624187751772,blue,blue,497
497,-8.81309817434772,5.742425806037714,blue,blue,498
498,-8.103781965286876,6.376934712170505,blue,blue,499
499,-9.02831813709114,8.299142474278867,blue,blue,500
500,1.7138144825357056,-9.053563583259162,green,red,501
501,1.5700729897221246,-11.04776689881073,green,red,502
502,0.9874842616019239,-9.823765809293494,green,red,503
503,0.1314025776004748,-9.978070129654125,green,red,504
504,-1.438443646229918,-11.079566319416392,green,red,505
505,0.7181595654568644,-9.56724048758969,green,red,506
506,3.5197050232962805,-10.117344178621948,green,red,507
507,1.2286088413756078,-9.748060978319549,green,red,508
508,-0.3014994968859359,-8.990928900355616,green,red,509
509,1.1193252411079408,-9.670606804877915,green,red,510
510,0.13450662667229024,-9.566117901848436,green,red,511
511,0.22971101058450322,-8.539016659129999,green,red,512
512,0.030171794352165104,-10.222044545548748,green,red,513
513,2.6949165465557523,-10.790755459153406,green,red,514
514,-0.8036062575923928,-8.461529777767447,green,red,515
515,0.8932593935372136,-9.590192751213376,green,red,516
516,1.3282628479361258,-8.860827176375857,green,red,517
517,-0.05936219391019448,-9.383567648853095,green,red,518
518,0.1654348684253486,-10.4297025474293,green,red,519
519,1.0248124003444476,-9.385998514604317,green,red,520
520,0.5298239000457338,-7.358879421793725,green,red,521
521,1.7405336335769652,-11.373552449041007,green,red,522
522,-0.16843830916422153,-9.926114885674913,green,red,523
523,1.022206929059438,-9.578500755882013,green,red,524
524,0.1695070819016241,-9.835494859711034,green,red,525
525,0.20004321142953313,-9.840643708330695,green,red,526
526,1.2006170133731189,-10.572798955621554,green,red,527
527,-0.5921121643887786,-9.569598044997026,green,red,528
528,0.6925801017118816,-8.111268290552086,green,red,529
529,0.3631583938650857,-8.891913181423332,green,red,530
530,2.0506178822323666,-10.320844747950453,green,red,531
531,0.8757881191235865,-7.6459689088142975,green,red,532
532,1.0384298505706508,-9.294509785507751,green,red,533
533,0.9150405581985686,-8.197914449925472,green,red,534
534,1.3249756236005328,-9.920710632027623,green,red,535
535,1.6867001524831888,-10.532869562060602,green,red,536
536,0.8650684801790501,-12.095558213249706,green,red,537
537,1.1525364246932337,-10.871133308012396,green,red,538
538,-1.2587601562988593,-8.184896733380462,green,red,539
539,0.8399868344961903,-11.818247316679319,green,red,540
540,-0.2744290011629703,-9.816671998173579,green,red,541
541,-0.027697079354368936,-8.156381656751627,green,red,542
542,-0.2852923427488545,-9.159496592290584,green,red,543
543,-0.1450834156854176,-9.140097282659934,green,red,544
544,-0.1371389667759101,-8.813334123461308,green,red,545
545,-0.664285938131133,-8.633372840369459,green,red,546
546,1.8303678383598152,-9.189229054684727,green,red,547
547,2.6293014426658337,-9.001596529565715,green,red,548
548,1.093526528623277,-9.503638129395185,green,red,549
549,-1.883445401886688,-9.162057620224642,green,red,550
550,1.3666717082311721,-9.589741565458462,green,red,551
551,1.4507701437796316,-8.033084546886277,green,red,552
552,0.5901474133968925,-8.660338387865702,green,red,553
553,0.21019244339888637,-9.30396003000362,green,red,554
554,0.9016082687520612,-8.906120783906186,green,red,555
555,-0.5870046802329585,-8.93851744325077,green,red,556
556,1.326568111073802,-8.179457925247318,green,red,557
557,1.3720640673985658,-10.163794220967846,green,red,558
558,1.1343377605843539,-10.312870731637611,green,red,559
559,-0.3524346335662365,-9.685322564789978,green,red,560
560,0.9223301384466545,-9.67244927814582,green,red,561
561,0.07087575642525035,-8.574245698349067,green,red,562
562,0.223620404211204,-8.639160180288759,green,red,563
563,-0.8750628786894246,-7.5775375433681935,green,red,564
564,0.006454409741808442,-10.793459621997908,green,red,565
565,1.4468363231007877,-8.610762461632408,green,red,566
566,-1.1736090146640796,-8.400552910551795,green,red,567
567,-0.25243582501999184,-9.648507918137154,green,red,568
568,-1.402023195384752,-8.719838413685506,green,red,569
569,0.7055477016595559,-9.580832767672991,green,red,570
570,0.5725503052217634,-10.052075441172011,green,red,571
571,0.5112981851170763,-8.811105676333241,green,red,572
572,0.7403547998952404,-10.052400993439303,green,red,573
573,1.2848753724059594,-9.346624727003892,green,red,574
574,1.7668247072751988,-9.6663451877628,green,red,575
575,0.9719804023176963,-9.855667237127387,green,red,576
576,-0.6345269686854718,-9.653972722139708,green,red,577
577,-0.3446731755714597,-10.515129254201943,green,red,578
578,0.8835470082716215,-9.731487621207577,green,red,579
579,1.5179077651945578,-10.81910392136012,green,red,580
580,0.5929822256211598,-11.143013082924696,green,red,581
581,-1.618557894882397,-8.992146691469326,green,red,582
582,-0.08245880825648277,-7.436091660966902,green,red,583
583,0.8685567953343879,-7.636759415139808,green,red,584
584,1.2570180686598436,-10.521948378731182,green,red,585
585,2.928994494395012,-9.4891637305851,green,red,586
586,0.6972643380161525,-11.480547551212497,green,red,587
587,1.7423470617900294,-9.584472646623992,green,red,588
588,2.53513226675477,-11.299482610709871,green,red,589
589,0.8110451909762032,-9.799527876866444,green,red,590
590,-1.170522035744251,-9.8857987424496,green,red,591
591,1.0537074433296536,-11.028491409172965,green,red,592
592,-1.795346309322519,-8.132163780858896,green,red,593
593,-0.3447479557139146,-10.092265419992337,green,red,594
594,-0.3955087849691029,-11.97845523313035,green,red,595
595,-0.8806907757141851,-8.815809928954987,green,red,596
596,0.861429382316931,-8.65061167411627,green,red,597
597,0.4012067767210738,-8.387234061219946,green,red,598
598,0.8220327006416703,-12.070661153029743,green,red,599
599,-0.46319812993561205,-8.082155586834414,green,red,600
600,1.3025624690264894,-9.872534024196678,green,red,601
601,-0.14402851557419105,-7.565691825964301,green,red,602
602,1.197426810519278,-8.493519646891993,green,red,603
603,-1.2095955109453758,-9.866882459514972,green,red,604
604,2.2705193545455726,-8.565629843506889,green,red,605
605,1.1149888300953594,-9.647239834712057,green,red,606
606,1.215130544669082,-10.202975980951162,green,red,607
607,0.9666433220387425,-8.49142104479572,green,red,608
608,1.8332572627960224,-9.459079781127352,green,red,609
609,-0.8758090251305963,-10.427810916002215,green,red,610
610,0.2926322832546315,-9.067575811829858,green,red,611
611,0.40336956967603826,-10.200837505007787,green,red,612
612,1.8921156000449892,-9.583383650992904,green,red,613
613,0.1109025144344501,-7.70968343167808,green,red,614
614,0.6878363039648738,-8.56609210399901,green,red,615
615,1.5299792662960952,-9.640672752245258,green,red,616
616,1.6577390076019842,-10.347083507171606,green,red,617
617,1.10541096166154,-10.636812497532242,green,red,618
618,1.7689703913268542,-9.177690005304767,green,red,619
619,-0.11334487681785543,-10.045469426803974,green,red,620
620,-0.5911911559454532,-8.718569562723856,green,red,621
621,1.9567233478557045,-11.214936874970535,green,red,622
622,-1.4177300429513808,-8.871893089266614,green,red,623
623,1.524366560580955,-9.124370041108593,green,red,624
624,0.6669240168168648,-11.452026929452103,green,red,625
625,0.5662762449301504,-9.891187386000254,green,red,626
626,-0.44130337428449495,-9.612820364146652,green,red,627
627,1.5446541848210964,-9.277181698362265,green,red,628
628,0.02601733444680332,-11.141516223157963,green,red,629
629,1.535742666920837,-11.916843383531873,green,red,630
630,0.46465272834914984,-9.837193088376404,green,red,631
631,0.0542152895919088,-10.656269934520946,green,red,632
632,0.041194312484860496,-10.099765633728248,green,red,633
633,0.3129591261308663,-12.231146905259207,green,red,634
634,-0.04312186955959352,-10.529929248371,green,red,635
635,-1.446209139269954,-10.221001404758049,green,red,636
636,1.3144494094051264,-9.312016579096358,green,red,637
637,0.1378977178728824,-9.338161032685939,green,red,638
638,2.4546996954610734,-9.58822063461182,green,red,639
639,-0.6614605178178137,-8.294233980063886,green,red,640
640,0.5946050287439559,-9.507596887890573,green,red,641
641,1.014988291360707,-10.378043444989693,green,red,642
642,-0.6378580368393727,-8.428458312871939,green,red,643
643,1.1980116929099824,-9.931681687542184,green,red,644
644,-0.8984163641843619,-8.981114379377908,green,red,645
645,1.5597587730669094,-9.46305942693782,green,red,646
646,0.2963567921851068,-10.466162542026444,green,red,647
647,-0.7732659501894186,-11.189131533518433,green,red,648
648,-0.564148688213181,-9.322354131704525,green,red,649
649,-1.2998396485357575,-9.271956299420248,green,red,650
650,1.3947582499643878,-8.712477514409606,green,red,651
651,-0.2019839822204521,-8.48251313404276,green,red,652
652,0.3746727827659685,-8.818069336550119,green,red,653
653,1.433694886792833,-8.688085369539056,green,red,654
654,-2.370007640014585,-9.508728565744427,green,red,655
655,-0.6174413164971222,-9.277052406716615,green,red,656
656,1.4217537726795308,-9.230728626182536,green,red,657
657,1.5145756204613254,-10.464514325733925,green,red,658
658,-0.31456439823716753,-10.717944309202409,green,red,659
659,-0.04761807380549443,-7.112534284943553,green,red,660
660,1.0383990783765138,-11.109357811176153,green,red,661
661,0.19061512361590005,-9.380053906785038,green,red,662
662,0.5720215683738729,-10.66582095990411,green,red,663
663,0.17706186653969397,-10.271790070023426,green,red,664
664,-0.3727901921364405,-8.873914848925438,green,red,665
665,2.0980900656212462,-10.566779544872965,green,red,666
666,2.0254313850134453,-10.78548555144679,green,red,667
667,1.3726379032144878,-11.10010675353501,green,red,668
668,0.3626962425808838,-9.163390826555124,green,red,669
669,-0.2471518320396252,-7.454377614851333,green,red,670
670,1.5335026108498617,-8.54525533870244,green,red,671
671,1.9754009981887375,-10.824336159204119,green,red,672
672,-1.357997705231964,-9.337958032046085,green,red,673
673,2.118924754713615,-12.15204897635086,green,red,674
674,1.3893923253640081,-10.46294781476651,green,red,675
675,-0.136678000647673,-8.967167985303567,green,red,676
676,0.38586807101962967,-10.06083259888629,green,red,677
677,0.7823089868619674,-10.27106634361445,green,red,678
678,2.873700464204872,-8.251478355766848,green,red,679
679,0.40443144783498514,-8.34721602945136,green,red,680
680,-0.2599315173489286,-10.963837383994647,green,red,681
681,1.7335132731517977,-9.39267016210116,green,red,682
682,2.463635535804816,-8.526842562331822,green,red,683
683,0.8533114839682024,-9.738175301462672,green,red,684
684,1.7214170555055137,-10.112908231938587,green,red,685
685,1.5109689506050075,-10.016177476350308,green,red,686
686,1.4714840614575184,-9.077804630510892,green,red,687
687,1.6647028040668617,-8.443178018706682,green,red,688
688,0.4228849564703756,-11.41727725447349,green,red,689
689,-0.8048727931637385,-9.669248432622545,green,red,690
690,2.0389213253039973,-10.832740012102597,green,red,691
691,0.35632484961431976,-9.69964218963979,green,red,692
692,0.168678356016083,-9.144939559217146,green,red,693
693,1.7295655771733163,-9.308822337230072,green,red,694
694,0.36671248938387013,-10.940059235147109,green,red,695
695,1.0142164005900107,-9.68206781778617,green,red,696
696,0.4115224731162078,-9.152705488239594,green,red,697
697,1.6634535444051868,-8.912287141156861,green,red,698
698,2.0497428447575605,-9.26770299414494,green,red,699
699,0.36048020793858815,-9.70150487833657,green,red,700
700,-0.2481088473742955,-10.39387713383294,green,red,701
701,0.4733209426042233,-10.161273376797439,green,red,702
702,0.12161322915072176,-10.338370441119878,green,red,703
703,-0.11559914546751393,-8.880228974459447,green,red,704
704,0.4811425582317398,-10.040123285496152,green,red,705
705,0.4876634809831605,-9.303380290381044,green,red,706
706,0.06487418245120269,-9.761002765721043,green,red,707
707,-0.2460380243756103,-10.707961259001047,green,red,708
708,0.216538873207214,-11.870027278564514,green,red,709
709,0.3409392834713283,-7.567515311844183,green,red,710
710,-0.08076989841243631,-8.529014105221268,green,red,711
711,-0.16459175084716948,-8.422105498746838,green,red,712
712,0.28364396102099576,-9.804484761470034,green,red,713
713,2.1382360839544376,-8.74030246822743,green,red,714
714,-1.3529026413781737,-9.788199906149998,green,red,715
715,-1.6534457439916062,-11.228760788951753,green,red,716
716,-1.2294399512095036,-9.394054384599494,green,red,717
717,3.745390117627957,-9.465217312687164,green,red,718
718,1.213433337970916,-10.399170390644441,green,red,719
719,0.14440409675388094,-9.055236287133972,green,red,720
720,2.142179428988133,-10.561703434110921,green,red,721
721,0.6509474302898598,-10.791066287411248,green,red,722
722,0.9992353411999644,-8.697953835021282,green,red,723
723,0.9356633320848688,-9.511892054519862,green,red,724
724,-0.4195957150099364,-10.246718513857404,green,red,725
725,0.7962523425848812,-10.705342307153115,green,red,726
726,0.3270471680105283,-9.664387168758132,green,red,727
727,-0.23500161112707074,-8.114434447898772,green,red,728
728,0.8685705212769135,-10.702785483986055,green,red,729
729,0.3395864161260439,-9.219229656192223,green,red,730
730,-0.2936170102358103,-9.473466537284747,green,red,731
731,-0.86487643473253,-9.636054803248483,green,red,732
732,1.2731649586098048,-9.052390278305692,green,red,733
733,1.9482312224419491,-9.47960661562494,green,red,734
734,1.3454319572882851,-9.139957021068637,green,red,735
735,-0.38953481364151166,-10.287743072328986,green,red,736
736,1.5749909655072294,-9.881435997787603,green,red,737
737,3.2618887834598884,-10.561039358543779,green,red,738
738,0.6757114052897133,-9.523214470727611,green,red,739
739,1.7751469228924097,-10.04913423230018,green,red,740
740,1.1314231010842621,-10.129725899544267,green,red,741
741,0.5530079448165607,-7.893000662501291,green,red,742
742,1.6894748077868948,-9.383751390522086,green,red,743
743,-0.01301588803387732,-9.699415878464041,green,red,744
744,0.20677824977172582,-8.045754459751743,green,red,745
745,-0.6089481779102721,-11.703424349925427,green,red,746
746,-1.4093847804471378,-8.539620172370014,green,red,747
747,1.1835586201441033,-9.758580566985092,green,red,748
748,1.0291433409277115,-10.279491946154938,green,red,749
749,-0.3647340011203718,-7.6698447049640155,green,red,750
750,0.9223153236024824,-8.455999166062501,green,red,751
751,0.6871997413600196,-8.79483459538292,green,red,752
752,1.235493874079428,-9.685014810575877,green,red,753
753,-1.0819832533162526,-10.426154795236917,green,red,754
754,-0.6540404796003598,-9.24213448668637,green,red,755
755,-0.27004957746211555,-9.997510760674844,green,red,756
756,6.030903851817684,6.26860783890468,red,cyan,757
757,9.402520321676333,5.63537499203211,red,cyan,758
758,10.337323448288425,7.343175819498287,red,cyan,759
759,6.641061167815504,6.8906396106314975,red,cyan,760
760,8.717286705134256,5.262709729734523,red,cyan,761
761,8.47342820416236,6.331951296353101,red,cyan,762
762,8.2769031309592,5.811958253064858,red,cyan,763
763,8.324281801065823,5.569718731162304,red,cyan,764
764,7.602327495844259,6.104392680219969,red,cyan,765
765,9.160095025951144,7.093109362546513,red,cyan,766
766,10.624241364342332,4.4508844633964415,red,cyan,767
767,8.176894107631938,6.46649313345242,red,cyan,768
768,8.544376235219005,6.118861583422944,red,cyan,769
769,9.093066815693113,6.455635317864609,red,cyan,770
770,9.594686650600027,6.8914588261033085,red,cyan,771
771,9.326997513653414,3.973149379532582,red,cyan,772
772,10.109269129945162,3.47731516003464,red,cyan,773
773,10.893618982003447,6.519687342242387,red,cyan,774
774,9.788271112131053,7.996022427440344,red,cyan,775
775,10.187127441889913,4.414436215568597,red,cyan,776
776,8.40279906174958,4.738861009673771,red,cyan,777
777,9.442140055523762,5.66904428581538,red,cyan,778
778,7.393037093170201,5.620039097556053,red,cyan,779
779,9.664723304858983,6.3542008675979815,red,cyan,780
780,8.59378941361566,6.236631505504826,red,cyan,781
781,9.08424904290133,7.453698332776246,red,cyan,782
782,8.546712349319568,4.280941510370129,red,cyan,783
783,9.486787885867898,6.219217694510989,red,cyan,784
784,8.955275142252672,6.641086840112513,red,cyan,785
785,6.943198299891087,6.777171121738866,red,cyan,786
786,8.381574325770544,6.019586812104891,red,cyan,787
787,8.254831624908453,5.1282947498518645,red,cyan,788
788,9.916085512241128,4.781240062060801,red,cyan,789
789,9.564278944044775,6.58326235945744,red,cyan,790
790,9.424656446879908,5.452952010421046,red,cyan,791
791,7.903162478061093,8.01023616616509,red,cyan,792
792,10.576863089213992,5.763937350928346,red,cyan,793
793,7.687918193060068,8.539952282511015,red,cyan,794
794,9.704042872902622,5.1551131142617015,red,cyan,795
795,9.88891334615682,4.977094623460966,red,cyan,796
796,7.934135923024065,4.271972093850998,red,cyan,797
797,8.008018996145383,6.762971352759428,red,cyan,798
798,7.751354262834839,6.819422436989208,red,cyan,799
799,10.49443330919176,5.835942189400723,red,cyan,800
800,9.869603421857592,6.292258932681349,red,cyan,801
801,9.061074244778782,6.399200814589248,red,cyan,802
802,8.290587629958763,5.714228555504911,red,cyan,803
803,8.164029692481655,6.486856404947018,red,cyan,804
804,8.466541215422279,7.847270159260262,red,cyan,805
805,9.844792006031787,7.308921570576209,red,cyan,806
806,8.76293663494254,7.329324132302768,red,cyan,807
807,10.493293229246376,6.209683263038502,red,cyan,808
808,7.94633962880188,6.013157259640661,red,cyan,809
809,8.562528798017345,7.319165595913552,red,cyan,810
810,9.482079639976337,5.355157111629612,red,cyan,811
811,9.014874272562672,6.896931785812075,red,cyan,812
812,9.653631190727783,6.7550305579744325,red,cyan,813
813,7.5755511665623665,6.210230587803144,red,cyan,814
814,10.265307332881445,6.167753591130815,red,cyan,815
815,10.858762417458799,6.7802339771393045,red,cyan,816
816,7.650872106370869,6.135684939565792,red,cyan,817
817,8.056059716399126,6.8333196134672,red,cyan,818
818,8.45008123931112,4.797674908548257,red,cyan,819
819,8.742792161041473,5.076060592988031,red,cyan,820
820,8.834914888987461,5.430923013865803,red,cyan,821
821,8.371574997834735,4.203818028966291,red,cyan,822
822,9.170183809071364,6.656976021743715,red,cyan,823
823,9.79212755460922,6.749905422816593,red,cyan,824
824,8.44767517869138,6.6923650338940845,red,cyan,825
825,10.454660802300733,4.893520698174363,red,cyan,826
826,8.181902667485996,6.7704953857528025,red,cyan,827
827,7.165717624934286,7.7617510354510095,red,cyan,828
828,9.179384366926145,5.380247508761006,red,cyan,829
829,7.25689762017319,5.224438016729863,red,cyan,830
830,10.182878953526101,6.108767783581389,red,cyan,831
831,7.3546817664899224,5.048541829758642,red,cyan,832
832,9.291713434125802,5.405857091423034,red,cyan,833
833,9.479601807621183,6.34538746534319,red,cyan,834
834,7.813286950440418,6.580574903535846,red,cyan,835
835,9.811999583163729,6.304223458075033,red,cyan,836
836,8.629502914208112,6.224486231660301,red,cyan,837
837,11.039338691686414,5.465247847485265,red,cyan,838
838,8.812372440178953,6.3129774394260165,red,cyan,839
839,9.757383381341239,7.0187869795404625,red,cyan,840
840,8.846442441001805,6.258889082430561,red,cyan,841
841,8.264137830944609,5.705398062930944,red,cyan,842
842,9.620261836055295,6.2155729703737,red,cyan,843
843,8.461461526035368,6.725558780714076,red,cyan,844
844,10.615181934389394,7.282341939678019,red,cyan,845
845,8.77861926788009,5.497042890877277,red,cyan,846
846,8.761882935504744,6.1777318909482695,red,cyan,847
847,9.313381306788248,6.215854676336042,red,cyan,848
848,10.069485466303938,8.019921320372237,red,cyan,849
849,9.15031171267278,6.352370343464869,red,cyan,850
850,9.292048184642958,5.519884745651892,red,cyan,851
851,8.321882098677726,6.054243783861909,red,cyan,852
852,8.666187454493471,5.451416965295691,red,cyan,853
853,9.17283284667313,7.410918550691233,red,cyan,854
854,11.247231143256563,4.949301044058766,red,cyan,855
855,8.477123193189305,4.884264513406655,red,cyan,856
856,7.246623889464472,-3.338708785119329,cyan,green,857
857,7.720562983342454,-3.6872238803961457,cyan,green,858
858,8.104517112191772,-2.3449511118861723,cyan,green,859
859,7.120519110044081,-5.658849521763708,cyan,green,860
860,8.067610550941374,-3.828006030842366,cyan,green,861
861,8.312898631339237,-2.9705762093492973,cyan,green,862
862,6.8684112553122505,-5.24208132976918,cyan,green,863
863,6.466852432886147,-5.063069477283188,cyan,green,864
864,5.791815675140791,-3.3648072384363625,cyan,green,865
865,7.442782410908105,-4.424625458455455,cyan,green,866
866,7.714962597968599,-4.592983748368248,cyan,green,867
867,9.117799585112806,-5.71465213243706,cyan,green,868
868,7.0457233312037975,-3.111983269116648,cyan,green,869
869,7.218706068816637,-3.167039118628115,cyan,green,870
870,7.0908639774337034,-5.0769378377674945,cyan,green,871
871,8.700852087075544,-5.415956998024916,cyan,green,872
872,5.294864696698356,-4.118232556979619,cyan,green,873
873,9.084764295799088,-6.137917102310247,cyan,green,874
874,7.844176801216836,-4.038871473924615,cyan,green,875
875,5.706036946119644,-3.313496042417607,cyan,green,876
876,7.437941983890157,-4.822958517896401,cyan,green,877
877,5.1126913923603,-5.377977867019222,cyan,green,878
878,8.272192224583561,-6.085204650323971,cyan,green,879
879,7.164153408586225,-5.354312135617131,cyan,green,880
880,6.4753265180514905,-5.08287012813892,cyan,green,881
881,6.937576814781607,-3.912547700674086,cyan,green,882
882,6.947020375113935,-5.1355406229411065,cyan,green,883
883,5.537277100860817,-5.647933803882024,cyan,green,884
884,7.111582212315325,-4.272942166301519,cyan,green,885
885,6.319616800875201,-4.333417575133246,cyan,green,886
886,7.278500699713303,-4.599124789223641,cyan,green,887
887,6.282966639141397,-5.217243141399846,cyan,green,888
888,9.008477053905295,-4.683595171663446,cyan,green,889
889,7.566467847718172,-4.476151570368589,cyan,green,890
890,7.553250742771977,-2.8358835497134964,cyan,green,891
891,4.807488926111251,-2.7185008331216425,cyan,green,892
892,6.398029355119401,-3.409171114120953,cyan,green,893
893,6.929872561262934,-3.475343592111638,cyan,green,894
894,5.364521538923556,-3.0885710537142415,cyan,green,895
895,7.864084584958549,-4.16992074543694,cyan,green,896
896,8.344662534611103,-3.5033946481831,cyan,green,897
897,6.061215483914393,-5.265063182593821,cyan,green,898
898,9.402986181050144,-6.2711144524762625,cyan,green,899
899,5.172613499241511,-5.926727698047134,cyan,green,900
900,8.80531240511979,-7.377238190005508,cyan,green,901
901,7.551991939418251,-5.947892444011264,cyan,green,902
902,9.40168244853539,-5.236690779172328,cyan,green,903
903,6.744839519616651,-3.6860325306835855,cyan,green,904
904,4.865719356573477,-5.47924035995332,cyan,green,905
905,8.052638274508205,-4.1208787143115915,cyan,green,906
906,7.1807297460141974,-4.591962780490722,cyan,green,907
907,7.278341684186129,-3.380485988095165,cyan,green,908
908,7.4999159655483885,-3.1365235876337816,cyan,green,909
909,6.785651289735221,-3.8095800986123396,cyan,green,910
910,5.960563481639894,-3.8704961746616746,cyan,green,911
911,8.309743059435473,-5.6102292080176905,cyan,green,912
912,8.05774939692231,-2.7802637440043085,cyan,green,913
913,7.038169519913932,-3.853490470723283,cyan,green,914
914,7.617217218655885,-3.3256195421471593,cyan,green,915
915,7.819974021336197,-4.761837859929682,cyan,green,916
916,5.616361739451272,-5.868240772427766,cyan,green,917
917,7.733787526269842,-6.341437285720648,cyan,green,918
918,8.465666015555877,-4.74807634332863,cyan,green,919
919,8.351220619634491,-4.585907277558748,cyan,green,920
920,7.929641907012391,-3.406670487079749,cyan,green,921
921,6.92737871285953,-5.038140755138638,cyan,green,922
922,7.223229907421636,-5.291986356833411,cyan,green,923
923,8.530576677763966,-4.920467286909803,cyan,green,924
924,6.769136159031913,-5.484857654351637,cyan,green,925
925,7.28963270626639,-5.990424838192057,cyan,green,926
926,5.58777100448991,-6.234928704272175,cyan,green,927
927,7.001511259618748,-4.701861620200732,cyan,green,928
928,9.379860374877822,-4.963613382419897,cyan,green,929
929,6.295737330189801,-4.565611240154237,cyan,green,930
930,6.7362500305175566,-5.0302648132438375,cyan,green,931
931,7.760691023092854,-3.230090708862323,cyan,green,932
932,5.283171929858076,-3.2784722262744816,cyan,green,933
933,5.908209877569812,-4.717998169123006,cyan,green,934
934,8.918165459094128,-3.1717629337192856,cyan,green,935
935,5.127818166009758,-3.4772535199387584,cyan,green,936
936,8.30004010801877,-4.298563114383353,cyan,green,937
937,7.202516384482535,-3.4625177076685407,cyan,green,938
938,6.737401909332171,-6.310173744823933,cyan,green,939
939,8.086342145002984,-4.000224476799647,cyan,green,940
940,7.797394963745328,-5.222619006988153,cyan,green,941
941,6.068729566609311,-7.7465498790703275,cyan,green,942
942,7.065950799501507,-3.536527947697235,cyan,green,943
943,7.5163045270878595,-5.843643025805857,cyan,green,944
944,6.485019461350968,-3.677773565058144,cyan,green,945
945,7.486759049145524,-5.247608803999071,cyan,green,946
946,6.4387653530360325,-6.3534301358277645,cyan,green,947
947,7.6707081995668025,-5.2070586499330735,cyan,green,948
948,8.203386180287122,-6.836742855739375,cyan,green,949
949,6.381138857777908,-4.926041333867403,cyan,green,950
950,9.400118592283054,-5.248628354943574,cyan,green,951
951,8.319807051635472,-5.186990304391662,cyan,green,952
952,8.021125881559515,-4.570577375242772,cyan,green,953
953,7.129880527819001,-4.432915108041673,cyan,green,954
954,8.384803118073405,-5.202453944936361,cyan,green,955
955,8.903849283713974,-4.599540643484323,cyan,green,956
956,5.61959049941301,-3.596328912193286,cyan,green,957
957,7.048984660119848,-4.1512950278016065,cyan,green,958
958,6.088563657277127,-4.845577290811477,cyan,green,959
959,7.36187197371807,-4.39053617284047,cyan,green,960
960,9.238433639297677,-5.6446924471609625,cyan,green,961
961,6.074889232741911,-5.748196166714923,cyan,green,962
962,7.0047176289765565,-5.1812804981712715,cyan,green,963
963,7.10089227978114,-5.12812374561903,cyan,green,964
964,6.396219268503393,-4.83380712072813,cyan,green,965
965,7.145719504926007,-3.8473736939527488,cyan,green,966
966,5.437962554238982,-4.56560574229723,cyan,green,967
967,5.855926052910709,-4.630650825823635,cyan,green,968
968,8.377398207053913,-3.1832266681239383,cyan,green,969
969,5.919000384205528,-3.937048369374552,cyan,green,970
970,9.236324632390406,-4.994077989038945,cyan,green,971
971,6.592231692202944,-2.5451156968846735,cyan,green,972
972,5.560252254590411,-4.8301655488185435,cyan,green,973
973,7.521008672323211,-3.5910676720681103,cyan,green,974
974,6.134057483855381,-5.789519651640255,cyan,green,975
975,6.85600006313594,-3.907414969533166,cyan,green,976
976,7.382579212231714,-4.512969992208904,cyan,green,977
977,5.1293943492628085,-5.511485194527108,cyan,green,978
978,6.002403170325713,-4.4567900268541445,cyan,green,979
979,6.427814755617405,-5.76263998605078,cyan,green,980
980,8.188034591888917,-3.779254630252445,cyan,green,981
981,6.478874302906778,-4.902580242911241,cyan,green,982
982,7.7635654755404175,-3.9783641325869277,cyan,green,983
983,6.995687487564262,-3.966404566597388,cyan,green,984
984,7.1446607984573145,-2.477188466664652,cyan,green,985
985,7.428647298300457,-5.279945327986451,cyan,green,986
986,9.236849899307202,-5.763374240076186,cyan,green,987
987,7.218454838882574,-4.71154969330804,cyan,green,988
988,7.515394816990032,-4.297184848817012,cyan,green,989
989,8.28195636512544,-5.9793324332934255,cyan,green,990
990,7.277120794147597,-3.0076318232325328,cyan,green,991
991,5.616490618023258,-5.001539152786373,cyan,green,992
992,7.5176410869538834,-5.8690468919851035,cyan,green,993
993,6.622688465866913,-5.705611849219898,cyan,green,994
994,8.69074953402859,-3.679135235595207,cyan,green,995
995,5.898935542683183,-2.9070693387213344,cyan,green,996
996,5.739571254903324,-2.9162346409782414,cyan,green,997
997,4.388219109576735,-4.375812064296599,cyan,green,998
998,8.141594627794028,-5.006602958609871,cyan,green,999
999,6.617226237036266,-6.102707658390434,cyan,green,1000
1000,6.43816114808517,-4.578037257996451,cyan,green,1001
1001,7.357132951343764,-3.2627606223339303,cyan,green,1002
1002,6.684905967709763,-4.153231306105597,cyan,green,1003
1003,7.526409813255583,-3.1376532632812095,cyan,green,1004
1004,7.131986628428898,-5.397180993947403,cyan,green,1005
1005,9.62021367118825,-4.327291588285555,cyan,green,1006
1006,7.985119459261452,-4.120504045956112,cyan,green,1007
1007,7.967380481354691,-2.104881609488104,cyan,green,1008
1008,7.5019609740237545,-5.530521568139462,cyan,green,1009
1009,7.495908241628991,-4.574660706038639,cyan,green,1010
1010,7.265303784435091,-5.214714271245105,cyan,green,1011
1011,7.83853198944986,-3.6589757345638207,cyan,green,1012
1012,8.188217825490485,-5.087539004636783,cyan,green,1013
1013,7.92750346006119,-3.9951667496692744,cyan,green,1014
1014,7.479453860201885,-3.7118684088868026,cyan,green,1015
1015,6.923720099561688,-4.338301357907231,cyan,green,1016
1016,6.322090239448577,-5.399735589706065,cyan,green,1017
1017,6.607095691411438,-4.0827523591410895,cyan,green,1018
1018,8.709820158591903,-4.348883671925988,cyan,green,1019
1019,7.147332724182154,-2.5675200914997647,cyan,green,1020
1020,5.90848304442701,-4.190267248924417,cyan,green,1021
1021,8.397228271831677,-7.052625657649129,cyan,green,1022
1022,6.907767123087599,-4.210591227303848,cyan,green,1023
1023,6.688198780754051,-6.483585639934292,cyan,green,1024
1024,7.586488418450997,-4.736599743733766,cyan,green,1025
1025,7.3376552986542505,-4.914900141224787,cyan,green,1026
1026,5.559074945165125,-4.9177828869056865,cyan,green,1027
1027,7.0100660538303625,-3.964944730181715,cyan,green,1028
1028,7.649005588357756,-6.351000551860604,cyan,green,1029
1029,6.304768239423215,-5.104752559577457,cyan,green,1030
1030,5.661886401485497,-4.616172083755622,cyan,green,1031
1031,9.323040368662681,-6.3995162575018645,cyan,green,1032
1032,6.479555142697173,-4.6484253121958945,cyan,green,1033
1033,8.058769348430145,-3.5253562124132216,cyan,green,1034
1034,5.609882623905982,-5.29434761923961,cyan,green,1035
1035,7.843532322195131,-5.224357530964519,cyan,green,1036
1036,7.170473802654709,-5.424382576590656,cyan,green,1037
1037,7.984839427094501,-6.4591843822522605,cyan,green,1038
1038,7.578028211510537,-4.4233514006947185,cyan,green,1039
1039,6.739143099545644,-3.623274137880333,cyan,green,1040
1040,8.686736234436239,-4.315586820515058,cyan,green,1041
1041,6.3729834266905065,-3.32561624396604,cyan,green,1042
1042,6.690123250011606,-4.843646244165566,cyan,green,1043
1043,6.424154630063976,-6.540982611795954,cyan,green,1044
1044,6.446034430132405,-3.7018562061968123,cyan,green,1045
1045,7.926406039003925,-5.082857472830824,cyan,green,1046
1046,7.229813822128073,-4.162904394702757,cyan,green,1047
1047,8.289109588490671,-4.801905163050054,cyan,green,1048
1048,7.867935399893225,-3.8514431708073196,cyan,green,1049
1049,7.808295905981169,-5.97762372513882,cyan,green,1050
1050,5.940783264385108,-4.888750075367143,cyan,green,1051
1051,8.252855902965575,-5.418006985466056,cyan,green,1052
1052,7.564361537325133,-3.7753594241835726,cyan,green,1053
1053,6.199821742206932,-5.042564839413407,cyan,green,1054
1054,7.058591242632796,-4.830931843005855,cyan,green,1055
1055,7.743756687864561,-6.008901598270226,cyan,green,1056
1056,7.575244810734576,-3.277882572476212,cyan,green,1057
1057,6.92198775793784,-4.851730031597822,cyan,green,1058
1058,7.125136614639852,-5.787117191112099,cyan,green,1059
1059,8.792324487456838,-3.6892353928256303,cyan,green,1060
1060,6.939590033739092,-4.8865447230545485,cyan,green,1061
1061,7.978996927319214,-2.436670391136002,cyan,green,1062
1062,6.887234476707101,-3.712165269010402,cyan,green,1063
1063,10.00603755685669,-4.796642481334166,cyan,green,1064
1064,8.051313229897834,-5.1316741836927005,cyan,green,1065
1065,8.213027177210483,-5.754489329750873,cyan,green,1066
1066,6.346412060986569,-5.3989663290219125,cyan,green,1067
1067,7.565508169945431,-5.21633892732868,cyan,green,1068
1068,8.617303119643996,-3.001627171128379,cyan,green,1069
1069,6.20372982338999,-5.401847975931471,cyan,green,1070
1070,6.326271170338194,-5.442977458202344,cyan,green,1071
1071,7.869032147707825,-3.5247050966963456,cyan,green,1072
1072,7.294272880733924,-4.479736770319395,cyan,green,1073
1073,5.211787945969535,-3.851667393384012,cyan,green,1074
1074,9.390538535948856,-3.675232742242076,cyan,green,1075
1075,8.759694679392979,-3.2358251139564187,cyan,green,1076
1076,6.958382015398329,-3.93669532189095,cyan,green,1077
1077,5.93434128256172,-5.65159353256211,cyan,green,1078
1078,7.991609474909422,-7.069785259831738,cyan,green,1079
1079,9.197256418254925,-6.799242984209821,cyan,green,1080
1080,5.674696719050808,-6.1825588459901395,cyan,green,1081
1081,7.575600710290797,-5.827244278898817,cyan,green,1082
1082,7.940213673753436,-4.785007530686395,cyan,green,1083
1083,7.74278926931043,-3.704093140806892,cyan,green,1084
1084,5.972531586944469,-4.128392304101686,cyan,green,1085
1085,5.977623788943255,-2.906393075660321,cyan,green,1086
1086,5.947942307448027,-6.362228071276649,cyan,green,1087
1087,6.493352721933409,-5.503255538845804,cyan,green,1088
1088,6.600770103780256,-5.181471388145219,cyan,green,1089
1089,4.693740814577087,-5.263246119001039,cyan,green,1090
1090,5.655918205642046,-7.267660378380271,cyan,green,1091
1091,7.455744633925201,-4.251064883335906,cyan,green,1092
1092,8.244020456896045,-4.345869637977808,cyan,green,1093
1093,5.5556468559374785,-4.052574666993495,cyan,green,1094
1094,7.577458581521034,-5.708291634831869,cyan,green,1095
1095,8.80872525485065,-3.3215736222479295,cyan,green,1096
1096,5.459763018770193,-3.840307474669809,cyan,green,1097
1097,7.171740372534832,-6.4605797252536465,cyan,green,1098
1098,7.728886068810959,-2.6006790848512846,cyan,green,1099
1099,4.563219199057899,-4.755791948834749,cyan,green,1100
1100,8.224580337061303,-4.81293557039236,cyan,green,1101
1101,4.988877713284587,-4.763377818595479,cyan,green,1102
1102,6.1070382426508445,-3.701455453177187,cyan,green,1103
1103,7.205566502457938,-3.0769128877899163,cyan,green,1104
1104,6.0830516440165585,-4.70673789836009,cyan,green,1105
1105,6.768102238904394,-5.534373906983102,cyan,green,1106
1106,6.6735257049308725,-4.251053099944193,cyan,green,1107
1107,6.740698706168979,-5.504461959074702,cyan,green,1108
1108,7.2258361544201355,-3.8889348766782406,cyan,green,1109
1109,8.110034855220515,-3.558912356982266,cyan,green,1110
1110,7.770915330643597,-5.704218392630754,cyan,green,1111
1111,6.051081121738895,-4.600940500827371,cyan,green,1112
1112,7.247375815949032,-3.444894303827211,cyan,green,1113
1113,7.482314875270335,-5.303910326467599,cyan,green,1114
1114,4.741172168562633,-5.316373767708521,cyan,green,1115
1115,7.614271910813506,-5.224870527923861,cyan,green,1116
1116,5.052441792408077,-3.7790884222623733,cyan,green,1117
1117,6.692828893603552,-3.8352905220225613,cyan,green,1118
1118,7.26406560471089,-4.708900689471728,cyan,green,1119
1119,8.054520021241432,-5.579052025160408,cyan,green,1120
1120,8.162713465452061,-4.05229708310544,cyan,green,1121
1121,7.637776927927883,-4.4941397027470975,cyan,green,1122
1122,5.695210153317121,-2.8531167244689954,cyan,green,1123
1123,8.252098579508806,-5.005416663810023,cyan,green,1124
1124,6.580672146106008,-5.059856265527787,cyan,green,1125
1125,7.165641866487975,-3.368602713704737,cyan,green,1126
1126,6.95537741052313,-4.141414889364702,cyan,green,1127
1127,7.231063510496504,-5.769125075631768,cyan,green,1128
1128,4.4903594558560815,-5.84860206356065,cyan,green,1129
1129,7.019588296647889,-3.4434812197103697,cyan,green,1130
1130,8.839248158499277,-4.360108974093409,cyan,green,1131
1131,7.426959021683355,-6.321039453116498,cyan,green,1132
1132,6.6152552575761066,-5.789153090726589,cyan,green,1133
1133,6.0741038224507005,-6.3000511322644535,cyan,green,1134
1134,5.3054230921836325,-4.836990499158029,cyan,green,1135
1135,6.972679353372931,-3.0760925070494833,cyan,green,1136
1136,9.652290725410886,-5.24131701215276,cyan,green,1137
1137,6.000094410901652,-4.513710003856094,cyan,green,1138
1138,7.1124595482410475,-4.458500962188441,cyan,green,1139
1139,8.05523018818015,-6.177995483155248,cyan,green,1140
1140,6.896758839550428,-5.90194920998367,cyan,green,1141
1141,6.510412331410962,-5.569006353934281,cyan,green,1142
1142,7.420586580533026,-4.005629406953691,cyan,green,1143
1143,6.453893169864696,-3.844650640095806,cyan,green,1144
1144,7.092273461550621,-3.862291009240144,cyan,green,1145
1145,6.319579078188007,-5.093666900513256,cyan,green,1146
1146,8.023658772716576,-4.916054449822806,cyan,green,1147
1147,5.4547734726483945,-3.384926237389836,cyan,green,1148
1148,4.9742304345810515,-4.460771229293719,cyan,green,1149
1149,7.235779940472315,-5.7444859987482655,cyan,green,1150
1150,5.192289713702465,-6.099953378597901,cyan,green,1151
1151,7.158948522960632,-2.869090040697141,cyan,green,1152
1152,7.9128669096362305,-5.760914896596459,cyan,green,1153
1153,6.079093116846195,-5.78036427632687,cyan,green,1154
1154,5.409115194302551,-5.313154249171174,cyan,green,1155
1155,5.141142912169977,-5.2524541475280175,cyan,green,1156
