0,1
-1.10186631484545,5.42890806867112
-1.86562472201737,5.60344979347761
-2.62656327072418,5.03884091570948
-1.4749776648007,2.52037213698476
-0.091221558618863,3.95568872604873
-0.341698541917746,4.24294266301448
-3.19373476052933,5.75395516377322
0.589633268493656,2.1761056767018
-2.66336558356566,3.86378316197852
-0.87071988441982,4.61256664989538
-1.16883095014582,3.66923466479757
-1.85227047032769,5.42083265110066
-3.30395719586519,4.79590749511258
-0.761973422476667,5.35426085533046
-2.22112648445568,4.79326106787485
-2.26363491546342,5.59145187716231
-1.42266365678404,5.35299746603634
-2.19213814323486,5.84463846029389
-0.063978400672381,3.40881168502462
-0.38054834608895,5.53303566412897
-1.88953795869988,5.84980672584456
-1.69375258103907,4.94104605318729
-0.676442710506579,4.93352986966835
-0.126596106026615,5.18134577802982
-1.88438453475025,5.09472365447755
-1.82612408839044,4.31232407923899
-0.423505919634339,5.20099685837608
-2.74204203321735,5.96126712792582
0.458923513064751,4.76853265125335
-0.674563018986149,4.78678024544133
-0.59057529476847,4.65895923545382
-1.30169894963196,5.18233413734426
-3.1994980656831,4.85953728444083
-3.47931416953764,4.24630006894645
-2.42370572251368,5.07834933561423
-1.11988781626954,5.31442583547571
-0.789391671937897,4.0844157862119
-0.459920704513588,5.19172955849757
-3.36829132098053,5.10268131607966
0.517707981489907,4.81122662649369
-0.235965718879058,3.75644040469672
-0.604382235168859,4.96176677068692
-1.94975240718223,5.22019600949288
-1.22797519649296,5.08405408425184
-1.9350666155301,4.0620760151333
-0.845774481739057,4.31656986502191
-1.65670844380167,3.60003551078865
-1.35879810029496,6.15846634119946
-1.41854948829337,5.80726852469757
-1.93562407517462,4.67520857930439
-1.38927248925163,4.85737748588486
-2.23326600131719,3.88598547011773
-1.69629456097282,5.90718686988859
-1.60240372128274,5.02218113064828
-1.86101308306954,4.47964084725216
-0.302473331014475,4.24233265648614
-0.898269985452314,5.36188806890318
-2.85063260073832,5.92794623979701
-1.01850462696691,4.56130351536105
-0.160278865095951,2.93411728479664
-0.941058040861341,3.31244245222514
-2.35463871363731,4.62505458033933
-2.45416260195922,5.76156189540999
-1.85101569266355,3.54921352967726
-1.84004877338865,7.00913019853175
-0.721212047155752,5.42171185756068
-0.601627425441259,4.13801143313957
-2.18363739046738,3.58489690670063
-2.09604902863207,4.46353233922308
-2.46519579318995,5.65874279644534
-1.08738696512957,4.94212133557865
-1.42177930670782,4.16080501775503
-0.174997300483599,5.75360634498834
-1.30173852537592,4.88527486001009
-2.01831689064636,3.45508860289441
-1.49431044437805,5.11176881698905
-0.218304031991522,5.33142975305174
0.173700133115974,3.31942519504638
-2.00103060575235,4.23818238562172
-1.28300671314347,4.04522599718217
-1.33421243863188,3.90566871701155
-1.17329783170766,4.74447216289094
-1.11057001826055,6.98776591846885
-0.309057678493658,5.43012001924978
-1.89354697820736,4.07073543061229
-0.956607609637464,3.65938210349378
-1.65985173999317,4.35551030024569
-0.871797476478829,6.98776741311105
-1.49319201476399,4.3321807729131
-0.542584794332266,3.74179327487148
0.033220596512294,4.91619283063526
-0.338378285549886,4.90934476165186
-1.88732037839823,4.34714638017107
-2.09089262207096,7.17033174802398
-0.74165555767413,6.7751352273374
-1.42410380537973,5.4756074265504
-1.9139528425036,5.04444000048723
-0.200791604657764,4.74392160009881
-2.02654619680457,4.7362210264636
-2.46866896030535,5.43770571973792
-2.68805371019187,3.75264766236252
-0.757256464386766,4.15037159709895
-1.65194736403058,4.69138449386508
-0.387197501694637,4.1293731597897
-1.62804840028308,2.82006216344852
-1.49338222389351,4.55556689005819
-0.876091023627583,6.08243000889313
-2.05626287137155,4.43875939864081
0.551420316192054,4.44663859408142
-1.89204541608357,3.0790478502046
1.43059702778869,3.59265532293996
0.152914343502219,4.92810709937416
0.146750657593461,5.629666576124
-3.68355605329327,4.68342179527111
-2.91055429606162,5.64241768058469
-1.28324907063431,5.545754267059
-1.02482545065451,6.1415988778434
-1.47238173679023,3.18400679144785
-2.32107644768361,5.36906701737149
0.845410999927231,6.12868751519089
-1.32498340074753,5.04504600131846
-1.48374437397515,4.59017894630192
-0.328618601047711,7.09150603397459
-1.29587015342666,5.08244167741542
-1.40870958684209,5.7099945607793
0.160407094540062,6.15661446090162
0.135164278732366,3.88736757835222
0.456421954664097,5.21058736710231
-2.04561032560301,6.09133270124552
-1.92740695389809,5.13641272232852
-3.3120137009657,4.40384959942116
-2.73730070706009,6.25586786176697
0.100759465724707,4.25176651801402
-1.41876797913996,4.96928955793936
-1.92289071415554,6.02122217101988
-1.1396297742391,5.5452542766979
-0.834615197397098,5.85058009005998
-1.89175571211967,4.28382769545727
-0.972976374927267,3.74709774382384
-2.58297233370418,5.11095559244815
-2.11580820593914,5.03060666059069
-0.645641192977351,4.34668169823351
0.530477202274532,4.71213902559173
-0.849797736600583,4.65309168162817
-0.342575181587328,4.81577599945234
-0.181208255075056,4.46278270972871
-0.802216236313195,6.18689645718065
-0.276756287569127,3.91552096908383
-1.59906613160663,3.90977966249925
-2.76812917095198,5.38920674375689
0.372680116255924,3.18116539482158
-2.74018193086169,4.613394617246
-0.498011538656072,3.67835093852
-2.38073814789858,6.04620707649858
-0.913119182044937,4.73969289367781
-1.47457365429536,5.13152102070457
-3.44354664547622,6.58397831584927
-2.33157863191504,4.01287286951957
-0.840500088616192,4.87696442301249
-0.684409019878936,3.3156245592062
-0.163186531302884,4.63399505391512
-1.02331068612122,4.50066078342315
-1.35003066901915,7.21690649349927
-1.45723380063314,5.70121950005405
-1.89210035700086,5.05787013946317
-1.01540424044261,5.70940552170618
-1.02173316336148,6.44131643247947
-0.28190815258276,4.57881543214723
-1.45778027726422,5.24231085123754
0.178833673922738,5.31302039721051
-2.08656048080345,4.74676619032271
-2.29631761899664,4.85903494973843
-0.446634804144631,5.59214997747698
-3.67507477985671,4.27945761860242
-0.072391410473207,6.50936966035579
-0.287446789633282,5.03870966584955
-1.02139433127524,5.14813697485784
-0.373309152280959,4.25263640177791
-0.987542089058502,3.99424573628583
-1.72257221404145,5.2012821941749
-1.26895036699449,7.12057606284402
-1.22901382188545,5.8428447664941
-2.6322243856686,5.4225095689239
-1.41446529745217,4.44372947343101
-2.2708200929288,5.88408246798913
-0.279469447101699,6.07413483056745
-0.210186598042337,4.73115181095012
-2.04815506437723,5.62813725556481
0.419283938172397,4.14869711407065
-0.893271610159086,4.57205395824591
-2.41562203631557,5.55160271773948
-1.75635056213418,5.33458280359294
-1.08725243644806,3.39292856214713
-2.94604251986927,6.98776902258317
-1.30973434913766,5.77626858409455
-0.943027232506929,4.7647972843705
-1.89504350844038,6.34876915253473
-2.16645962338806,4.69968032439418
-0.464085973071755,5.12185910434433
-1.49531254224114,5.31358671294439
-0.07150661318227,5.31828822070962
-0.81037136003879,4.40988391636749
-0.847854936205385,5.58727199037141
-1.28869882028527,5.6282905310382
-2.52764815220383,6.03512889608061
-1.9737306330761,4.22450800902728
-1.38968751965379,5.04027193767661
-2.69142558410133,4.18378885494486
-0.88168389813025,5.13525084504781
-1.38368977787368,4.5860030483758
-0.796121007284585,4.20696556293369
-1.66051874805768,3.61452984127858
-0.955301454855312,5.1915325210348
-0.892603763891624,3.5487676937661
0.747314759802239,6.40674772491008
-2.29920632214275,3.57125947014431
-2.8489198333591,5.55296154744567
-2.61811359657125,5.43586467503377
-1.00334510713105,3.7501137003145
-1.62746148602655,4.1055046090115
-0.891244615777577,6.9278590042317
-0.186482145809462,4.70032284365185
-0.443988917655747,4.21279887911241
-2.27321978095194,4.94365457158004
-0.531413677566392,6.50536751732433
-0.746312735272785,4.25570029409692
-1.67271756565192,6.45350956047639
-2.17429607275131,6.44022759505972
-0.645796774761998,3.25255200073091
-0.414135799780854,5.77495135481552
-0.726669276972815,5.10100392412513
-1.37009595078113,4.01701154254198
-1.06433312147715,4.4164157409014
0.971131900528866,5.763920083304
-0.376656755186367,5.21184255448599
-1.93618039784601,3.05357305926543
-1.52388105833734,3.22629344074445
-1.36493216076485,5.7202453478055
-1.36603940483751,5.1521970564657
-0.700863683793503,4.12930683976694
-2.56812732465366,6.92371625701101
1.68099569917995,5.00018236335256
-0.569064573324663,3.98951903073441
-0.574529485513537,3.89992653814461
0.298630934920057,4.18334122620859
0.637898083994483,5.96868030355077
-0.530332592917114,4.46371196031757
-0.970576231147352,4.69936465431268
0.510900371560292,4.98874014667565
-2.08159334360897,5.24618387237557
1.19614243317751,6.46816397646273
-1.02174476716443,4.04018850769253
0.337660750390071,5.60935966247671
-1.63006404118822,7.20559348474891
-0.241607152117504,4.19245508248228
-0.792572000862976,5.66514348823242
-1.36071691828631,4.83681423398427
-0.721960311306798,3.54888817991329
-1.76371145486642,5.99984217227236
-3.08977948697727,5.52686989310632
-1.5319754107219,4.31636861120749
-1.36700789018421,4.65450289429495
0.424317112640686,5.28596342078799
-0.877362084103574,4.35219375343414
-2.41061082428011,5.12331598568983
-0.10735513465759,1.78348821257256
-1.6947507030319,2.80278775436822
-1.22978431044273,3.68716913611284
-1.68431665304095,5.83983298180752
-2.51095871245938,5.35812698876196
0.532031587083922,4.11999335046012
-0.017216351604662,3.55747125656093
-0.155622070121898,5.21233509392446
0.09757703182601,5.78157229477796
-0.193630555227401,5.05035445707722
-1.80754794288486,3.5715707403916
-1.15684849012422,5.64420739106235
-0.479989509760541,5.96152666858207
-0.202400750442111,4.79018074921345
-1.77326164233199,3.70781723274424
-1.99944493788404,5.28826551962823
-1.36979915935242,4.47422150088478
0.361680554567297,4.54253612971022
-2.2850639567424,4.02333584143759
-2.32697528437565,3.07841576800332
-1.97404040123534,3.25654182674491
1.30096578751118,4.80626254464985
-0.734227477189221,4.51898507553575
-1.69477966924141,6.2411284215612
-0.524033416388354,5.32938636728871
-2.0621243356504,5.73771996049724
-1.55219699368389,4.37490648635395
-3.47912454669425,5.12105815161763
-1.91091984074046,5.24580256789646
-2.71598677505419,4.78328777601557
-0.050990617035581,6.59229865467341
-0.867758875321875,6.52127714292289
-1.52405033815825,3.25378506591792
-3.47219236378316,2.84354198792498
-2.30161695103381,5.75776977870568
-1.59876343192134,4.60984249568404
-1.6453680247394,4.05180046286672
-1.65668493010673,5.32553901597245
-2.16859077083232,5.9777791597729
-1.84307160823749,5.47098605107876
-1.73112995430293,6.20191409458052
-1.23953784586832,5.12843532689347
-0.850473195032783,6.39747727808519
-0.881794580380689,4.49212272968814
-1.01215314928913,7.17260964731428
-0.600485001331254,4.20487541515208
-0.564325774741728,6.32024474664843
0.828887199930496,5.43348115906863
-0.4524261613493,4.55777354822597
-0.467845869282667,3.10379037546787
-0.05344378473177,3.26260340343213
-0.010446615996718,5.37204461840824
-2.28426794467386,4.19223656688163
-0.874971234400022,7.03736142497862
-0.75288840429686,5.64286690126852
0.049968161825752,5.60330797111973
-0.396200395795648,5.4745747515356
-0.498239364208575,5.29541608360039
-0.92853747017934,4.79181682944722
-0.329538764991483,3.71047591582611
-2.50607719945981,5.42806162956026
-1.56702681184358,7.68586063878276
-0.814308190851953,3.83848216029048
-0.911989373703269,6.54153252116307
-1.64260313839428,3.81804966766805
-0.184011182223561,6.06921262432468
-0.946474256629146,3.19053961324264
-1.3231692280021,5.81842665213848
-1.35541288973175,3.64088951731989
-0.827523186979864,5.5154791685482
0.856522323356638,5.7669524689192
-3.16654959321733,4.52760682995592
-1.59677601672405,5.13711834601143
-1.55520393190531,5.92416174351972
-1.13617020185524,4.81681151427845
-1.28087774633087,4.98937580523037
-1.21422969903798,4.89585695011132
-2.47473503332862,2.84465623516646
-1.2437889033104,5.05277997557129
-0.698666102684614,3.63727846856538
-1.98521805020352,3.07917615510905
-0.744033017493876,6.69226375236776
-1.91562253486633,3.10303257361865
-0.984710234101792,6.60945442718857
-1.34964758641465,4.61295602097445
0.302572321399231,4.28604910064252
-1.30772930352981,3.58482221491155
0.296216117939657,7.12754468549422
0.352205469071831,6.09133537051626
-1.59372616177987,6.24995354728164
-1.60591469957579,4.88637200894591
-1.05340400179444,3.71872066396762
-2.19520342086972,6.20554443382621
-2.69351429180574,6.28578201158916
-1.94794260218878,3.13478012148115
0.165180137607066,5.99949863305759
-1.0833491074783,4.70336107131308
-1.45653541163176,5.10421046997765
-0.576536053226887,3.77535012537432
-0.588017004899618,5.51801467728657
-1.53412902704528,6.21098222153938
-1.29243358031655,5.24423799147283
-1.94792046949947,5.40961355315881
1.15360265838276,3.83118764541452
0.339341698522743,5.5947152225865
-1.28715422940561,5.8206645275074
0.625966071461335,4.00870197455699
-0.458505352214589,3.11199751523471
-0.609467760824718,4.73855000201413
-1.52182581127248,5.11671914699009
-2.58569299719336,3.95302601105431
-0.703123540845324,4.37928520111207
-0.387364513793495,4.69376354663923
-1.07305114240571,5.03300489004458
-0.613153313242042,6.4678949314702
-1.00116587065521,5.27907183231397
-1.35539882373129,5.50540886522138
-0.590219415153887,3.50993557848941
-1.79646024077897,5.71430872245419
-1.4967032888655,4.970907979537
-1.07385067270382,6.23490350389327
-0.543964830244296,4.98463728424665
-2.19547279336088,4.44922976459539
-1.48416420902857,5.35932519271115
-1.30636004524389,6.05798773576419
-3.51322238622426,5.47397041492794
-1.32087235911186,5.67525275279227
-1.95690776101923,6.0544372701113
-1.41031083947202,5.03049548722989
-1.9313900439178,5.08600071665578
-0.158309279150984,2.719592040533
-1.05870785334101,5.94847343334036
-0.405115282333643,4.02652476545213
-0.598677245804187,5.19341055797035
-0.58350582529232,6.42744473649982
-1.18914770411553,5.52008447150001
-2.71028509391405,6.29511590977487
-3.19760381446038,5.21682967877372
-1.96171180969966,5.41768771712077
-2.61350210109486,4.46439612049338
-0.295881654934081,4.41270501208375
-2.62636066211326,4.53144930665725
-2.43206756152358,5.97580692992258
-2.40251508979101,5.85577289591472
-0.836730787415071,2.98329758704595
-2.02871527727744,6.06242820937334
-1.89385198241707,2.48850741237452
0.77478112164987,4.71161780240592
-0.650690689424929,6.00748863321196
-0.296428172695107,6.34354481928945
-1.46121552910427,6.25983450562129
-0.212624746547192,6.03151290526953
-1.09343917793391,3.29821724987351
-2.63933629566757,5.54854454200723
-1.43884173045132,5.19696683366336
-1.30869147762001,5.26316564416641
-1.64097485169622,3.93242905167593
-0.108029977548725,6.61580497675254
0.214224520672114,4.40601092957975
-2.67386238532793,4.02962161086597
0.058367068657842,5.93041922901211
-1.04684319739335,6.25206555236404
-0.975964716128934,6.49037025720481
-0.323106972608294,5.84718697819854
-1.63407129967066,4.60563265749127
-3.55763540157137,4.53313045800263
-0.466409024546264,6.3463116134675
-1.85962547494225,5.9109460695106
-1.72303269180699,4.35480344353191
-1.59161328202712,3.91948585066265
-1.6027099555619,4.62387060272036
-2.17788339091939,5.74349944677596
-2.89368225415554,3.5734840903394
-1.81832731160798,4.32482854561982
-0.568673257272792,4.88877465776722
-0.325154545809006,3.9209565849603
0.121433353031523,5.19510358246941
-0.653743193272654,5.09648616794462
-2.49838057910321,5.31578517488464
-1.81000492899599,4.23369592836004
0.278225370645859,4.38389336741852
-1.5838922035612,5.71148899754059
-1.77477265571398,6.03525880162056
-0.759574527307599,2.8205123315105
-2.30539771217919,5.13050699064223
-2.35415869966824,5.18239699131378
-1.79421629224783,4.60961512445849
-0.376544980689686,5.00017340814522
-1.50980578604323,3.78522373929103
-2.02576517689136,4.92683878456583
-2.35863303081743,5.29238978972215
-0.9029311793047,6.29045607484778
-1.93479878958911,5.03909681816119
-2.04281338833575,5.71720787514081
-3.74762085326394,4.82193198422303
-0.183741986258093,5.4510581548235
-0.433805148710395,6.18340372997482
-1.80073028844994,2.89332212685927
-1.48220155216175,3.61643653676954
-2.59539247033691,3.73976794827556
-0.718473894407329,5.29492660859892
-2.98736534403392,5.37088952670781
-2.77779506448573,5.31161538637068
-1.54124939910484,3.87047075630939
-0.911492394088613,3.38746547320989
-0.902610474755571,4.40432068374582
-1.21530651161868,7.89747404028849
0.347873850937332,5.93827994014712
-0.184669347259287,4.35697989569042
-2.07299167865237,5.1653303728624
-1.83110730013673,4.51485514990805
-3.09936030618304,3.89318744505002
-0.057344774055081,7.7889171388783
-1.19339081789449,4.81946856740376
-2.55951852923096,6.29884875889049
-1.52741644353488,4.34528276638792
-0.998177768792708,3.58277333211969
-2.10734845789645,4.28763405346811
-0.050886109223391,4.86582783889863
-1.88301411267217,4.69792601193031
-1.75577842210038,4.99760927385142
-2.01325673911885,5.04849329211261
-1.95667727681352,4.41990844379604
-1.79635171854802,5.81418854571472
-1.14757085142157,3.59119696088664
-1.03237037669393,5.41357677534678
-1.52292814930239,4.62477782319587
0.991572475453095,4.01346343804045
-1.82592557072958,4.13945592465077
-0.126965211652974,6.12251836652457
-1.40790527882872,7.16085226128575
-3.53824841616627,6.30478363253537
-2.4929359757211,6.35773303399649
-1.1945495604361,7.14031489329848
-2.7438237591963,5.39512763179932
0.107049151365211,-3.59165492458195
2.46908252336404,-0.629512343174309
1.45754224357364,-4.1854926832853
1.14605843710101,-3.62800813071687
0.179085864540953,-1.01872651733967
-0.604242530499638,-4.02641744319649
0.420355058262221,-2.47914139673179
0.410661155726934,-3.31603581573557
2.89677312093487,-2.60973731715695
2.18702470947076,-3.90277924531532
2.04269514489932,-4.67475366439713
0.113081649466062,-4.8156708259475
1.7259092424388,-2.94963348306243
2.51076852882656,-3.16597542085179
0.33968348849961,-3.56508083048042
1.16269210515712,-2.69566743400756
-0.326137681230382,-2.66488998541868
-0.767710629435643,-3.60016238309219
1.02672047633012,-2.7420197259268
1.1853481045613,-3.89873405635359
1.4767553744244,-3.38815784153681
4.03174605409499,-1.77740412696234
-0.547955878197377,-3.6119954129665
-1.49236934404016,-3.53573314127753
1.86983550530982,-4.84327163434025
-0.214371662796262,-4.23967876748556
1.49689348657332,-2.71697293130311
2.27510520338852,-1.98893792070787
1.81948395296221,-3.64917604037253
0.771356977807636,-3.32083247322578
1.96562867959338,-4.87277710182968
0.2805231410375,-2.31737962917274
0.291571241566565,-3.5827370989596
0.477920496991512,-3.68939852891
1.30417802898192,-5.75565738860799
0.299952174078415,-3.77750558364393
2.79846524371075,-3.3344197513581
0.900651264647991,-5.06025258903308
-1.20281602592777,-4.3012782204309
0.175416116916943,-2.99831402979813
0.908532691216545,-3.01342382409703
1.6319767635603,-4.94748304953162
0.305151090092019,-3.92410500692718
1.11262260132406,-3.44088286211362
0.40305773117671,-3.98614621228447
0.943128825290709,-3.11497700833302
1.36319314125776,-3.01946540069835
2.53210673686694,-2.22557094788683
0.449407881550187,-2.14280430937008
0.508971434272509,-2.44765926620058
-1.44192663497404,-3.24486145450385
1.08251418404398,-2.47581332886871
1.34310306227353,-3.77141482609998
0.686531990645468,-1.75309157569588
-0.056477026535063,-3.7870636490611
0.347770023836807,-4.69031818668369
1.14956865314656,-3.37113645205501
2.10906699262159,-2.72637143084702
1.30106719056912,-4.10988364300174
0.502174342312423,-1.78102993272153
2.01304211903904,-2.78640087995834
0.614683061069214,-3.66294156995048
-0.581633711204706,-3.54820967901389
0.651593731973074,-3.44028611365753
1.32370411930048,-3.32072157451683
1.57230240197361,-2.97346497330832
2.50968472359448,-3.91469208446405
0.981812809850106,-2.7035335784645
2.44369151327733,-6.1092196428831
2.04060868210911,-3.38236422217931
0.933913147000491,-3.25378015686942
2.24463527984823,-1.96432943469153
0.245345760855327,-5.37132080360722
1.28839231923416,-3.96157709541108
1.8538518328917,-3.00706689447153
0.883502034544068,-3.44680004498304
1.21472107235977,-3.66496122160926
2.4114130528723,-2.3293415739285
1.31946850492113,-4.14699335381028
-0.38605075872856,-4.5826257753266
2.22949753651899,-2.58464709877525
1.07052911043775,-3.27044462271772
0.997526587388976,-3.01456176270844
-0.176896967444141,-2.33436478800428
1.7192310763641,-3.11273637979324
-0.138815585328402,-2.36899308257721
0.565180272960845,-1.4772290068826
2.08880532561209,-3.59746889600715
0.621139491812546,-4.13555966859382
0.785167781758953,-2.53632410220027
1.88504445544192,-2.65358626029546
1.6921287789348,-3.02271291351477
0.742274694682621,-4.41514486181922
1.84978376961672,-4.26796265100245
0.49124736963748,-3.97960547911843
0.17898344365338,-4.06388530598064
1.87206589465744,-3.26937766856623
1.50045731974642,-3.08095002628544
1.61933348068138,-3.60534073079431
1.17101524785656,-3.95386349555519
1.46467671379653,-3.21445520018658
1.58600400676964,-3.51350808402086
1.08124594029426,-2.52338019773654
0.544891354905905,-5.08239544759998
0.840185245585984,-4.99207512183212
1.29254033586886,-3.80363465109224
0.340186219738404,-1.70738339283389
1.26535444481324,-3.8542004905986
-0.154620917803348,-5.3233884670619
0.634594051128491,-2.61624453263024
0.222335209489669,-1.39253566596957
1.63460601648312,-4.07986382478109
0.036570137346994,-2.38986993489552
1.24726952306812,-3.95996484657197
1.06322055417916,-3.10869739178125
0.078763775089623,-2.9425518715987
1.14412145839204,-3.04273259722419
-0.474899559213423,-5.18949181232517
1.1706506867008,-3.36522629310224
0.267129432866757,-4.01145982701403
0.920264127120122,-5.05820453967665
1.45938343862231,-0.738248241030403
0.029823747495611,-3.66656507859351
-0.252654383716324,-3.05222345855216
2.00887403366544,-4.11677293030121
1.68783075982133,-2.19065051173643
1.18274280656926,-3.8399512902058
0.367914782554368,-2.9562699118037
0.666748841005424,-5.29591993620883
1.34526029657929,-3.42040914289378
0.339886540302374,-3.83759515128105
-0.356598106156973,-3.93165039391702
0.036848762393827,-1.96124423936881
1.89963477336935,-4.59667283122352
0.036933026365611,-4.29600748532307
2.16544690788618,-3.40122538828852
1.90952893373582,-2.46078525903061
3.02458203822091,-1.780978824448
1.02334540849026,-5.61491922964739
1.7791666620902,-5.31882484954403
-0.300630719554222,-3.27224632806699
2.08777448253482,-4.56260063519812
2.96486645571636,-4.03267614449695
1.28409445029882,-4.11979624130422
1.75145167783435,-1.85266122834342
2.45144212424264,-2.84722744138609
1.29372418233258,-2.09670008460078
1.33208984643528,-2.504047854401
2.74922006586518,-2.15832222445165
3.50736486230851,-3.33077353783909
3.08821937660963,-4.67713868102617
1.93290461064753,-3.93226059993647
-0.029345204215669,-2.79127924354602
0.378728988107992,-2.79146010905008
-0.339010870398415,-4.46373484556332
0.476124650937746,-3.66703257200884
2.875428535373,-2.41763645978403
-1.52502022138729,-4.16200265278023
0.150853263690693,-3.16821433027313
1.5244026948783,-3.77970659406532
1.70594408968015,-2.11188452855383
-0.411886928932051,-3.19929016681086
0.684487276655873,-3.99450110151107
0.168195302557577,-3.70278400422479
0.467572389254107,-3.54261809044533
-0.799886451858497,-2.80282305424367
-1.11504620796263,-3.89855952542407
1.369421461396,-3.78438009164432
1.25950912521232,-3.62619428411763
0.515526084597481,-4.17576444512104
0.475262086958106,-2.26579412017002
0.883668549995385,-3.59516887504607
-0.341664825656008,-2.97826057830038
-0.251172693355379,-3.13450149500841
1.58074276450067,-2.3750327851813
1.68194711267587,-1.98811806237354
1.11143411536759,-2.5737545630813
0.880618300002105,-4.77796991090902
2.17629366262328,-2.71953889723236
-0.255388175056358,-5.01281723966491
-0.202745436213896,-3.47221740915002
0.810229816293763,-5.22686631396096
0.371010843696275,-2.67977696142989
0.898820843065158,-2.55365625518932
1.22927247576075,-2.8567719650282
1.76783794796759,-4.25582417573325
-0.29472467489893,-4.27388906210991
0.299232625970263,-1.72164533661557
1.24585471267055,-2.52856123744845
-0.186471358478141,-3.40762188337153
1.04695395986985,-2.78860241067921
0.979710289726149,-3.19816321872394
1.2535348820927,-3.91450132605168
3.00428385965732,-4.86834061587172
1.97870438985291,-2.22215514157242
1.87982276805338,-2.88964252702081
1.75381178955021,-4.81611877285599
1.85344725434725,-2.69194080579242
1.56587445687043,-2.16598663580557
1.57481264386782,-5.66261200731154
4.76192908833382,3.64860627838175
5.05240997188719,4.07174861425697
2.94450697563401,3.04252813165913
4.75790517955384,3.64296038391393
5.48507052135334,5.43726666470405
3.81727010356942,2.72939390495115
-0.27212845036762,3.75527320734298
5.89340477512802,2.63607713162414
0.643260849426953,0.238467154615095
3.69384756206948,2.53302685823067
1.44947557170645,1.28399700304416
2.68570656254852,2.85572631543089
1.56899846830748,0.786010660003739
5.24236093723076,4.38056174121591
0.310824993055796,-0.496990230898651
2.10097248426737,4.26128485863483
2.02735172066905,4.50784922820517
4.46560075419129,3.75861347025557
4.40019249113809,4.69654090212697
2.86030562989922,2.64668393728905
1.76016516478131,1.92124879159691
3.09815358994063,3.20929492599583
5.49320873570872,0.99128576743204
1.54017317786829,2.49705723047249
4.8609386732926,2.75832622112869
4.0016582466024,6.3773013778128
2.69224978396085,2.41621258287437
2.75623181810904,2.69007172960072
5.08338256876894,3.54138216022762
5.48138964419241,4.67754873416934
3.62415540476051,2.72165968147859
2.10624555240393,2.45784303261835
5.49610254728745,5.82090123414198
0.773673636612212,2.13558093912026
4.76727812026556,5.11253543019825
0.801629980811327,0.926971276368893
2.0560303092667,7.11526363253746
3.51583229729722,2.88736768844749
4.62797552656072,3.06153844489817
4.52748230141253,5.91088654642106
5.6067558664107,3.53026799953111
1.86899982961048,3.8355085951973
4.0057101145764,3.21440670315502
4.12198907843336,4.14827571789818
4.24016347776245,3.01355212283583
4.35117279134948,2.64780251001418
3.44527518898881,4.31530702585275
3.0492287072407,0.905442665384538
3.96867384237882,2.82462423053453
2.42889595372622,3.27546103548571
5.71872335125479,4.57648133902834
3.69977475169511,3.77082712995739
2.43061604214222,0.724134428954082
5.58495449249713,5.82864887661202
3.90054461689479,3.44797103024391
0.113300144746515,1.81374492950153
0.040996181958486,0.910766406414959
0.860496331311531,2.83834934534891
3.89037256586638,5.02262071227931
4.32445812386008,3.46228244761666
2.16611498793209,1.84828296917744
2.7206695988218,2.50901517572511
3.19768582149199,3.35017035558274
3.81996628717937,3.15716977076792
4.10986874299909,1.71274366292342
3.29303086090359,3.45186725035541
3.16876318976244,1.84282281933347
2.64673194000946,2.76440644628671
4.8269063775216,4.18332790139385
2.61585975261434,2.32029661300843
3.26381941791645,2.34918206659111
3.85455998531929,2.72105347746607
4.24890912427519,3.74096138608551
6.06283568917292,5.30766434685221
4.86542870755884,4.33892096208187
0.404850288104182,1.63924538155698
2.66887079189771,1.51315233607205
3.23757353212911,4.01179226672263
3.65356678582054,3.93621526411943
3.35747772087585,3.54935603071497
3.66026165287555,4.73312231045238
0.957686316066339,0.957237606756187
2.8068197899577,2.34133416113506
4.96857483848376,4.82014409709168
4.7367428376388,4.77364150913747
4.32958162061804,5.54338534003354
1.95048014717796,3.43985788562439
3.01512438668235,2.7766879931326
2.46841645633168,2.73816728912026
-0.28077394298147,1.05242023044049
4.78791276231542,3.58539607989663
1.41788709629571,1.63969230823928
3.03746810441606,3.85831717686725
4.90259454493791,4.4295219903074
2.76042832138903,0.88914283839646
3.43987130867163,4.68712042374987
5.28237507605095,3.12377790267853
3.94408702308745,1.02239958906259
3.80179170372734,2.52401909369291
3.96882339709144,4.90278406736686
-4.28176223607185,5.24897229619861
-11.2047251645681,0.700743194128173
-8.60353440478269,3.11322533681238
-6.33587913188361,2.44065686411567
-7.00516429753694,5.05864074348496
-7.92581716778827,2.4846107264075
-10.2717118386259,2.59312313767927
-7.81890102948318,4.52017817793934
-7.85472156070929,2.53056462395364
-10.501915974853,2.34066528018982
-9.33690851209509,4.82304826241837
-12.0330537961161,1.42913988907232
-4.38348950283353,5.85924112981042
-7.45588251781459,2.14199728708481
-8.92902881738156,4.5778073517329
-8.22681032291626,6.15239065477872
-7.71454250440551,2.57621852233918
-9.71833606141002,2.53798869028201
-10.1716882604474,3.23927674186243
-9.5514319989291,3.80973018846252
-9.56024963176861,1.65675841878437
-10.1618042002551,0.679848533932006
-8.32816790174637,3.8372792331223
-10.4836491607564,2.99482669439967
-8.57238557072611,0.991408392459134
-6.48428287623556,4.33151690090762
-11.1331324784824,3.01082710797377
-8.00623063022991,3.52190565511508
-9.90373219735525,1.2513387148419
-8.95466162905393,2.73399721022569
-7.20808631681974,4.40022602807876
-8.33051869481358,3.74611347838253
-10.4738452365591,3.25021644947855
-7.11690663409961,5.05639158314894
-7.12367557149716,0.775726685093023
-9.47469072397165,3.46575048178597
-8.82202956811428,2.37228528100852
-10.2232555317718,2.37297307766069
-9.82729627613461,1.91158326696882
-7.79620636921367,0.983481803614418
-9.59606913495008,3.61968446290582
-5.5341258434095,3.13728641877701
-10.503842296496,1.14083640944738
-7.51805363561826,4.6429107442671
-9.7190404692295,1.70415677351669
-9.87369056586455,2.59814718654143
-11.721634263054,-0.158728845436317
-8.61779566888156,3.43055540547483
-7.02058213962431,2.4778227797568
-8.33244158102363,3.85092577588078
-9.54726749145395,3.89577449202605
-8.81666324919042,3.38636933499574
-9.99326867843131,3.2268642400784
-9.69164386952186,2.64252785969988
-9.76403744238741,3.04512356173103
-9.08294287121727,2.23792645754364
-9.92087464286147,2.39941096824114
-9.54399816944889,3.21073874410145
-7.93934714119792,2.82591733830418
-7.23000119520112,4.53981362616886
-10.609181567553,1.23478681939347
-9.81888258215351,3.75204634927544
-7.0102046079875,3.46081210483743
-10.1415212874505,1.62346311287258
-10.7481963630103,1.47501192183284
-9.04236764795923,0.142665945889196
-6.5184053718855,4.26388266225621
-12.8448808027318,1.43543625597444
-10.6236493945037,2.00971688195881
-13.8570553969933,0.847481890956554
-9.05874791113109,1.65354245353962
-7.3702641824707,3.33000612660926
-8.60796355262897,2.24108518375932
-8.70855788981545,2.68237292563731
-8.85775474113047,3.89256262522857
-8.52363626438163,3.62677184396482
-8.51770736796723,1.85584316701679
-8.23256033002474,3.45369836765391
-8.56761838153119,4.4195435904303
-9.2107980471902,1.69153002258999
-6.87683340208487,3.29570034091596
-9.35303373006424,3.62409908456174
-9.8250540034872,0.81255316538048
-9.34923049359809,3.78732089533839
-6.83100951984734,3.98591529451079
-9.18901939752675,2.36800585750086
-10.507543142142,2.40262680703414
-9.03225129074118,3.28487205833907
-9.26686009273077,1.01532769420248
-10.4549002625804,-0.862142280639025
-8.76282213841768,3.99481195686461
-9.17842088793984,1.32521263836945
-9.73522261001707,2.81998793201582
-9.79952218677975,1.74099988006432
-8.68150048109284,2.02941651345943
-8.40131085859517,3.4268808751172
-10.018552168065,2.17601605313291
-9.7899925040672,1.43819065204311
-8.02480480540948,5.19952155315635
-9.17360515726843,2.12728913282398
-9.42735800854088,2.26088525523285
-9.34910267743384,3.98187524566796
-10.7202018517488,4.73884043301236
-9.87832679279969,2.09967968651861
-9.59729561001128,1.72654609310442
-10.6580846626773,1.21332422452997
-11.9929971943774,1.12171670666376
-9.0238917863228,1.67780776591137
-11.0033943092838,2.20838159466955
-7.89966713065849,2.60743554899253
-7.66153148892645,3.10022196312364
-7.48626380870129,3.93725593732656
-7.84427178380021,4.13666131353492
-11.4683836056231,-1.62566780594676
-9.74325351247578,2.40279206155235
-8.29262567997619,5.1904544702276
-8.14803552232485,2.47202062503628
-12.3655862829679,0.211357928574708
-8.80977656422463,1.7931637509047
-9.70795879759989,3.39244921727973
-10.4582054778489,3.0405593264919
-10.002227572705,4.82026368933769
-7.9825654085662,4.34704030166476
-5.19066513054711,3.65226892234162
-8.72624881189032,2.29614606080349
-12.680348658426,1.51194540718575
-11.7864112635829,1.63201393814496
-8.03554038910486,2.46218899989532
-8.97041165381623,1.3436165056461
-9.08390461310539,4.83765019798312
-9.66340393564467,2.14045062494352
-7.90901782259803,2.30144038118955
-9.31530279126615,2.3148224372029
-7.83227661645018,2.3438129749987
-8.19860233770686,1.86249314388589
-9.17945526301624,2.57018370385494
-5.06295804494475,4.40955459191524
-5.28623247261828,3.8802506114055
-6.90292214379013,3.47767562600759
-8.55457656591593,2.12118921258267
-9.44847453068258,2.20839079175809
-6.75540479769849,3.52281832207261
-9.3440322961343,4.35388672521366
-8.67707806747778,3.62043106696844
-8.79255779837963,2.27812980365489
-9.10305199947944,3.69042443765499
-9.91670620234023,1.91433465602523
-8.80797551970525,1.82192847351442
-8.96709017726931,2.47960685624722
-7.36126730161511,5.50801027724536
-7.28639036658832,2.90089133865129
-9.44494609350397,1.45993360405977
-8.46997666338635,5.62200071809705
-9.73338124452868,1.1210164959989
-10.8305970775111,3.03570860540711
-9.67324633729272,2.09967521713831
-11.2757703737004,1.62526984905825
-8.61604618829575,4.17595069792307
-11.4445184182468,-0.431110832787283
-9.55502350065159,2.16562342224037
-6.50560346619909,3.54706037176865
-6.515267328361,3.72401989125232
-8.93917357641506,3.71652691611492
-7.68510061879059,3.49680980816528
-9.54743416501755,1.72846135915794
-10.3226063960063,3.42461116559836
-8.83578112229075,1.344183555986
-9.5300028485295,2.9248486111552
-12.1034945118594,1.59152098178054
-11.7119504350492,0.063979688026217
-10.9500898608439,0.956606198826389
-8.7064675318011,2.88775557478679
-9.50286519581181,3.50685166924291
-7.48006743714818,2.68335192987382
-6.95580140849469,3.92966911487411
-8.65175388667596,3.2983483922802
-8.05879210255266,3.2947669994674
-9.66486316339617,2.20225580276224
-10.2681842809248,0.889174664220597
-12.4797943536496,1.20343811313886
-7.31264542763779,2.7108282425442
-7.62953352541819,2.98810818816336
-9.41974155719636,2.07058399421485
-9.94882880910212,1.49070277409478
-9.50554496539736,2.69796859945331
-11.2846505933271,1.4174980748739
-8.82939043389919,2.69356503626017
-11.931366797024,-0.849582551278089
-8.87929827097507,1.48434201383665
-9.4948646460706,2.10845259961
-9.48210706836577,3.61580427773931
-7.30212441001027,5.28604058663998
-5.41234499565839,4.0979059897286
-5.13118983274343,4.1207843842414
-6.92153628763448,4.21571892968616
-9.83570016079111,2.25561793818613
-7.65553979096535,3.54608451893207
-8.63394950065513,3.77842021469671
-9.13472111311164,3.37297317789915
-6.22513183805306,3.79350263017254
-8.38503482818858,2.69374693512543
-7.90478875005266,6.61417502125537
-9.29847919710928,4.34530477952069
-12.3205203116543,2.24000400127114
-10.3555511140361,1.39415500604535
-11.6716041556026,2.77646916909831
-10.5405230276713,2.04339807391482
-7.52069094224524,4.92121610853883
-10.6639990831426,0.473270682169328
-6.63529535440478,3.2716112266843
-10.0416680370808,3.08059020331506
-8.90810036889073,2.68360646880384
-8.80059781262164,3.13711637448973
-10.5126469218243,2.20831820252772
-8.34110058794206,-0.006610834829913
-9.03179528040101,3.32952383763074
-8.14139557044858,2.32591688912928
-8.50020925024856,0.905718036803143
-8.007045130795,2.43866433914544
-7.50459882228689,3.59006730905951
-8.955491457422,3.524116162024
-8.95160447009215,1.13783331021108
-6.81499576726749,3.91846668247731
-8.78349514522746,2.79570648810761
-9.17291158524325,0.785102251356609
-8.89927182987972,1.54542739363034
-7.51263149063164,3.03793998331446
-5.66871600241751,3.11263769530383
-10.3370693654457,2.32766827365438
-9.11706766519347,1.82277999082004
-8.49565125180543,2.1776704867881
-11.6958865232713,1.89097442929249
-9.080634378451,2.99775079159826
-10.7063471913254,0.204875284460147
-8.00120823485114,1.12686289547049
-8.67906665650237,3.15773029784368
-11.1211652422171,2.25352481898768
-7.03880853946438,4.18622094221357
-7.08437356806918,2.34857492161395
-5.12429487356568,4.31071093179544
-9.70579650047738,3.66126014422245
-11.8561747241473,0.318364261478277
-12.7574293766417,1.92115935710773
-11.4761863814193,0.323289404226045
-9.3128102439664,2.82644073358625
-11.5709236243139,3.47856942123543
-7.89226782032714,2.61289304481886
-8.20053028864115,0.563322825702114
-9.42270470229267,1.99525358240245
-9.70736048689442,1.15019218794484
-8.86356337979097,2.86466824582436
-12.3266590690105,3.67032371681608
-4.95514095946181,5.31443242516195
-8.29508096834423,3.58001377035993
-7.03574126498851,3.28655814616201
-5.76216608195039,4.93678007968847
-11.7969749946032,2.77579079733376
-8.99855118797091,2.77437399615916
-9.66035769082169,3.29684710043788
-8.58316227185658,3.98144213140356
-8.25840770241065,3.28016346762687
-10.7259163476821,1.72482564598
-9.89597546288277,1.15542301248311
-9.26821992223368,2.53289388211169
-7.86049771890172,2.92262079773322
-8.82977165891578,2.46412127186976
-9.04777722696009,2.61835341626101
-7.37439062643038,4.28621105637294
-10.6228675300195,4.20658542232135
-6.89824874363874,3.17087267096787
-9.12584188110526,3.11051237061127
-9.70833944499823,2.49971432971766
-10.007012558465,2.85291530299329
-8.20158326044116,4.20614203546611
-12.3432046757556,2.00540937329431
-13.7560927517747,1.61240323042526
-11.9497205477086,0.47222027550484
-7.44970765601641,0.874091624513253
-12.1085579726386,1.64359688339975
-4.63685666752503,5.86930282029156
-9.96809878213075,2.65822738041174
-7.65100866794042,5.4844785188987
-7.31416313561983,2.568769255351
-10.0109291207388,2.4718974998931
-9.01542901964069,4.54251062613109
-9.85327213207115,3.22377131273115
-11.5644047294718,1.94004408763449
-12.0748013073401,3.09636048859767
-4.29609966164986,6.9792847233611
-7.77019942735598,2.83355486390992
-5.8998076397185,3.58127869021478
-7.78649650025225,3.46981937904597
-7.32709419627148,3.72960752889773
-10.403762927905,1.24521334653127
-8.61365366762279,2.37642597957939
-7.79739420675847,2.58059164883216
-10.798710166911,2.96716202738125
-6.82199672451408,3.11164322551432
-6.96588785204369,3.89524482795321
-7.86840537082237,2.61384711100355
8.84277824056493,-3.33910353236898
10.3006394964341,-9.09116833789642
10.03997307432,-7.53039797986937
10.4732925487048,-5.88005482434618
8.85188728605263,-6.08965021847389
7.76439171007294,-4.83539733851225
12.9788822166154,-4.44052203895069
11.9692037493609,-5.59518774721626
9.13840533354813,-7.51423857406662
8.98804906615778,-5.55411528324807
10.8110455835149,-5.64610651260685
5.04221539627545,-4.72808086120781
11.5164279862055,-8.00242334595757
8.65413367123816,-4.12898550219573
7.98053331026684,-7.04669180966011
11.8534334283738,-9.47510712523737
9.88301411305877,-4.73453768164602
9.82909803482925,-9.42725503453748
9.28886236677977,-12.6044889562194
6.0667675674272,-10.2490194063099
10.9509521666518,-6.84902893514723
9.57492278240003,-5.25425441261271
5.79433508138285,-6.79415295558992
8.85233798923385,-3.94702563412496
11.5055334029627,-6.39317543562811
7.46046003366918,-5.57490341380609
9.89596331917989,-8.28340301917404
6.5442951501605,-4.85265420198664
12.4200698712103,-4.53085508548857
8.76620027690553,-6.52902007986127
11.4171725678948,-5.18321735659491
5.89628183884653,-4.30710284516161
9.67112245501079,-7.21975935562467
9.97240810255589,-3.07064669657156
12.2511845984073,-8.97989155163597
9.8013089249397,-8.19744003696783
10.4897270575489,-8.63306991034381
9.55964417211715,-5.4376204295023
13.1895143826798,-7.28470071859839
12.2639947962527,-11.0402777061955
12.9919157987495,-5.01749742942694
10.7605157390831,-6.84952575269257
8.53675199399308,-8.19274670758597
9.89391005613022,-1.38316749910399
9.74331749474337,-8.86576719963589
11.5724678896656,-1.09533319002848
8.32041863167802,-5.22285177111727
11.1727776292741,-8.00097009323242
9.66764126675455,-4.18647930123548
11.2176907117556,-3.88479041051006
