ID,assignment,x1,x2
0,1,-1.10186631484545,5.42890806867112
1,4,-1.86562472201737,5.60344979347761
2,4,-2.62656327072418,5.03884091570948
3,3,-1.4749776648007,2.52037213698476
4,5,-0.091221558618863,3.95568872604873
5,1,-0.34169854191774607,4.24294266301448
6,4,-3.1937347605293303,5.753955163773219
7,5,0.589633268493656,2.1761056767018
8,3,-2.66336558356566,3.86378316197852
9,3,-0.87071988441982,4.61256664989538
10,4,-1.16883095014582,3.66923466479757
11,1,-1.85227047032769,5.42083265110066
12,2,-3.30395719586519,4.79590749511258
13,4,-0.761973422476667,5.35426085533046
14,1,-2.2211264844556804,4.793261067874849
15,4,-2.26363491546342,5.59145187716231
16,2,-1.42266365678404,5.35299746603634
17,4,-2.19213814323486,5.84463846029389
18,4,-0.063978400672381,3.40881168502462
19,4,-0.38054834608895005,5.5330356641289695
20,5,-1.88953795869988,5.84980672584456
21,3,-1.6937525810390701,4.94104605318729
22,5,-0.676442710506579,4.93352986966835
23,5,-0.126596106026615,5.18134577802982
24,1,-1.88438453475025,5.09472365447755
25,1,-1.82612408839044,4.31232407923899
26,1,-0.423505919634339,5.2009968583760795
27,1,-2.7420420332173503,5.9612671279258205
28,1,0.45892351306475104,4.7685326512533495
29,3,-0.674563018986149,4.78678024544133
30,3,-0.59057529476847,4.65895923545382
31,1,-1.30169894963196,5.1823341373442595
32,3,-3.1994980656831,4.85953728444083
33,3,-3.4793141695376404,4.24630006894645
34,2,-2.42370572251368,5.078349335614231
35,2,-1.11988781626954,5.31442583547571
36,2,-0.7893916719378969,4.0844157862119
37,4,-0.45992070451358796,5.1917295584975705
38,3,-3.36829132098053,5.10268131607966
39,2,0.517707981489907,4.81122662649369
40,1,-0.23596571887905804,3.75644040469672
41,2,-0.604382235168859,4.9617667706869195
42,5,-1.94975240718223,5.22019600949288
43,1,-1.22797519649296,5.08405408425184
44,4,-1.9350666155301002,4.0620760151333
45,5,-0.845774481739057,4.31656986502191
46,1,-1.6567084438016697,3.6000355107886497
47,4,-1.3587981002949598,6.1584663411994605
48,1,-1.41854948829337,5.80726852469757
49,1,-1.93562407517462,4.675208579304389
50,2,-1.38927248925163,4.85737748588486
51,2,-2.23326600131719,3.88598547011773
52,3,-1.69629456097282,5.907186869888589
53,3,-1.60240372128274,5.02218113064828
54,4,-1.86101308306954,4.479640847252161
55,5,-0.302473331014475,4.24233265648614
56,2,-0.8982699854523141,5.36188806890318
57,5,-2.8506326007383196,5.927946239797009
58,4,-1.01850462696691,4.5613035153610495
59,1,-0.160278865095951,2.93411728479664
60,1,-0.9410580408613409,3.3124424522251403
61,4,-2.35463871363731,4.62505458033933
62,1,-2.45416260195922,5.761561895409991
63,5,-1.8510156926635501,3.54921352967726
64,4,-1.84004877338865,7.00913019853175
65,2,-0.721212047155752,5.4217118575606795
66,2,-0.601627425441259,4.13801143313957
67,1,-2.18363739046738,3.5848969067006298
68,2,-2.0960490286320703,4.463532339223081
69,5,-2.46519579318995,5.65874279644534
70,3,-1.08738696512957,4.94212133557865
71,3,-1.42177930670782,4.16080501775503
72,4,-0.17499730048359902,5.753606344988341
73,4,-1.30173852537592,4.88527486001009
74,5,-2.01831689064636,3.45508860289441
75,1,-1.49431044437805,5.11176881698905
76,5,-0.218304031991522,5.331429753051741
77,3,0.173700133115974,3.3194251950463802
78,1,-2.00103060575235,4.23818238562172
79,3,-1.28300671314347,4.04522599718217
80,1,-1.3342124386318799,3.90566871701155
81,1,-1.1732978317076599,4.74447216289094
82,5,-1.11057001826055,6.98776591846885
83,2,-0.309057678493658,5.43012001924978
84,2,-1.8935469782073602,4.07073543061229
85,5,-0.9566076096374642,3.6593821034937797
86,4,-1.6598517399931698,4.355510300245689
87,3,-0.8717974764788291,6.98776741311105
88,4,-1.49319201476399,4.3321807729131
89,4,-0.542584794332266,3.7417932748714797
90,3,0.033220596512294,4.91619283063526
91,1,-0.338378285549886,4.909344761651861
92,5,-1.88732037839823,4.34714638017107
93,4,-2.0908926220709603,7.1703317480239805
94,3,-0.74165555767413,6.775135227337401
95,5,-1.42410380537973,5.4756074265504004
96,2,-1.9139528425036,5.0444400004872305
97,1,-0.200791604657764,4.74392160009881
98,2,-2.02654619680457,4.7362210264636
99,5,-2.46866896030535,5.437705719737919
100,5,-2.6880537101918702,3.75264766236252
101,4,-0.757256464386766,4.1503715970989505
102,5,-1.6519473640305802,4.69138449386508
103,4,-0.387197501694637,4.1293731597897
104,2,-1.62804840028308,2.82006216344852
105,1,-1.4933822238935102,4.5555668900581905
106,2,-0.876091023627583,6.08243000889313
107,3,-2.05626287137155,4.438759398640809
108,3,0.5514203161920539,4.44663859408142
109,2,-1.89204541608357,3.0790478502046
110,5,1.4305970277886901,3.59265532293996
111,2,0.152914343502219,4.92810709937416
112,1,0.146750657593461,5.629666576124
113,3,-3.68355605329327,4.68342179527111
114,3,-2.91055429606162,5.642417680584691
115,3,-1.28324907063431,5.545754267058999
116,4,-1.02482545065451,6.1415988778434
117,1,-1.4723817367902299,3.18400679144785
118,3,-2.32107644768361,5.36906701737149
119,1,0.8454109999272309,6.12868751519089
120,5,-1.32498340074753,5.04504600131846
121,4,-1.48374437397515,4.59017894630192
122,2,-0.328618601047711,7.09150603397459
123,2,-1.29587015342666,5.08244167741542
124,4,-1.4087095868420902,5.7099945607792995
125,2,0.160407094540062,6.15661446090162
126,1,0.135164278732366,3.88736757835222
127,2,0.4564219546640971,5.21058736710231
128,2,-2.0456103256030103,6.09133270124552
129,1,-1.92740695389809,5.13641272232852
130,5,-3.3120137009657,4.40384959942116
131,5,-2.73730070706009,6.25586786176697
132,1,0.10075946572470698,4.25176651801402
133,5,-1.41876797913996,4.96928955793936
134,3,-1.9228907141555402,6.02122217101988
135,3,-1.1396297742391002,5.5452542766979
136,4,-0.8346151973970981,5.85058009005998
137,1,-1.89175571211967,4.28382769545727
138,2,-0.9729763749272672,3.74709774382384
139,4,-2.58297233370418,5.110955592448151
140,4,-2.11580820593914,5.03060666059069
141,1,-0.6456411929773511,4.3466816982335095
142,2,0.530477202274532,4.71213902559173
143,4,-0.849797736600583,4.65309168162817
144,3,-0.342575181587328,4.81577599945234
145,3,-0.18120825507505603,4.46278270972871
146,4,-0.8022162363131949,6.186896457180651
147,4,-0.276756287569127,3.91552096908383
148,3,-1.5990661316066297,3.90977966249925
149,5,-2.7681291709519797,5.389206743756889
150,4,0.372680116255924,3.18116539482158
151,2,-2.74018193086169,4.6133946172460005
152,1,-0.498011538656072,3.67835093852
153,4,-2.38073814789858,6.04620707649858
154,4,-0.913119182044937,4.73969289367781
155,3,-1.4745736542953602,5.131521020704571
156,1,-3.4435466454762205,6.5839783158492695
157,3,-2.3315786319150402,4.01287286951957
158,3,-0.8405000886161921,4.87696442301249
159,4,-0.684409019878936,3.3156245592062
160,3,-0.163186531302884,4.63399505391512
161,4,-1.02331068612122,4.50066078342315
162,5,-1.35003066901915,7.21690649349927
163,5,-1.45723380063314,5.70121950005405
164,1,-1.8921003570008599,5.05787013946317
165,5,-1.01540424044261,5.709405521706179
166,2,-1.02173316336148,6.44131643247947
167,3,-0.28190815258276003,4.5788154321472305
168,5,-1.45778027726422,5.24231085123754
169,1,0.17883367392273802,5.31302039721051
170,3,-2.08656048080345,4.74676619032271
171,2,-2.2963176189966403,4.8590349497384295
172,3,-0.446634804144631,5.59214997747698
173,2,-3.67507477985671,4.27945761860242
174,2,-0.072391410473207,6.50936966035579
175,2,-0.28744678963328196,5.03870966584955
176,3,-1.02139433127524,5.14813697485784
177,2,-0.37330915228095896,4.25263640177791
178,1,-0.987542089058502,3.9942457362858304
179,3,-1.7225722140414501,5.201282194174901
180,4,-1.26895036699449,7.120576062844019
181,3,-1.2290138218854498,5.8428447664941
182,2,-2.6322243856686,5.4225095689239
183,1,-1.4144652974521699,4.443729473431009
184,1,-2.2708200929288,5.88408246798913
185,5,-0.27946944710169896,6.07413483056745
186,3,-0.210186598042337,4.73115181095012
187,5,-2.04815506437723,5.62813725556481
188,3,0.419283938172397,4.14869711407065
189,1,-0.893271610159086,4.5720539582459105
190,1,-2.41562203631557,5.551602717739481
191,4,-1.7563505621341802,5.334582803592941
192,4,-1.08725243644806,3.3929285621471297
193,4,-2.9460425198692697,6.98776902258317
194,1,-1.30973434913766,5.77626858409455
195,2,-0.943027232506929,4.7647972843705
196,3,-1.8950435084403798,6.3487691525347305
197,4,-2.16645962338806,4.69968032439418
198,4,-0.46408597307175503,5.12185910434433
199,1,-1.49531254224114,5.31358671294439
200,4,-0.07150661318227,5.31828822070962
201,5,-0.8103713600387901,4.40988391636749
202,5,-0.847854936205385,5.58727199037141
203,5,-1.28869882028527,5.6282905310382
204,4,-2.52764815220383,6.035128896080611
205,5,-1.9737306330761,4.2245080090272795
206,5,-1.38968751965379,5.040271937676611
207,4,-2.69142558410133,4.18378885494486
208,4,-0.8816838981302499,5.13525084504781
209,4,-1.38368977787368,4.5860030483758
210,1,-0.7961210072845849,4.20696556293369
211,3,-1.6605187480576797,3.61452984127858
212,4,-0.9553014548553119,5.1915325210348
213,4,-0.8926037638916241,3.5487676937661
214,2,0.7473147598022389,6.406747724910081
215,3,-2.29920632214275,3.57125947014431
216,4,-2.8489198333591004,5.55296154744567
217,2,-2.61811359657125,5.43586467503377
218,2,-1.0033451071310502,3.7501137003144995
219,2,-1.62746148602655,4.1055046090115
220,5,-0.891244615777577,6.9278590042317
221,5,-0.18648214580946199,4.70032284365185
222,5,-0.443988917655747,4.21279887911241
223,4,-2.2732197809519397,4.94365457158004
224,4,-0.531413677566392,6.50536751732433
225,2,-0.746312735272785,4.25570029409692
226,4,-1.6727175656519198,6.45350956047639
227,2,-2.1742960727513103,6.44022759505972
228,1,-0.6457967747619979,3.25255200073091
229,2,-0.41413579978085396,5.77495135481552
230,3,-0.7266692769728149,5.101003924125131
231,3,-1.37009595078113,4.01701154254198
232,5,-1.06433312147715,4.4164157409014
233,4,0.9711319005288659,5.763920083304
234,2,-0.37665675518636704,5.21184255448599
235,2,-1.93618039784601,3.05357305926543
236,2,-1.52388105833734,3.22629344074445
237,2,-1.3649321607648501,5.7202453478055
238,2,-1.36603940483751,5.152197056465701
239,3,-0.700863683793503,4.12930683976694
240,3,-2.56812732465366,6.92371625701101
241,2,1.68099569917995,5.00018236335256
242,1,-0.569064573324663,3.98951903073441
243,4,-0.574529485513537,3.89992653814461
244,5,0.29863093492005705,4.18334122620859
245,2,0.6378980839944829,5.968680303550769
246,3,-0.5303325929171141,4.46371196031757
247,4,-0.970576231147352,4.69936465431268
248,1,0.510900371560292,4.98874014667565
249,3,-2.08159334360897,5.24618387237557
250,3,1.1961424331775101,6.46816397646273
251,2,-1.02174476716443,4.0401885076925295
252,5,0.33766075039007104,5.60935966247671
253,3,-1.6300640411882201,7.205593484748911
254,3,-0.241607152117504,4.1924550824822795
255,2,-0.792572000862976,5.665143488232419
256,2,-1.3607169182863101,4.83681423398427
257,5,-0.721960311306798,3.5488881799132903
258,3,-1.7637114548664201,5.99984217227236
259,3,-3.08977948697727,5.52686989310632
260,1,-1.5319754107219,4.31636861120749
261,4,-1.36700789018421,4.65450289429495
262,3,0.42431711264068606,5.28596342078799
263,1,-0.8773620841035742,4.35219375343414
264,4,-2.41061082428011,5.12331598568983
265,4,-0.10735513465759,1.78348821257256
266,4,-1.6947507030319,2.80278775436822
267,1,-1.22978431044273,3.6871691361128396
268,3,-1.68431665304095,5.839832981807519
269,4,-2.51095871245938,5.35812698876196
270,5,0.5320315870839221,4.11999335046012
271,3,-0.017216351604662,3.55747125656093
272,1,-0.15562207012189802,5.21233509392446
273,1,0.09757703182600999,5.78157229477796
274,5,-0.193630555227401,5.050354457077219
275,1,-1.80754794288486,3.5715707403916
276,5,-1.15684849012422,5.644207391062349
277,2,-0.479989509760541,5.96152666858207
278,5,-0.202400750442111,4.79018074921345
279,1,-1.77326164233199,3.7078172327442402
280,3,-1.9994449378840402,5.28826551962823
281,2,-1.36979915935242,4.47422150088478
282,4,0.36168055456729703,4.54253612971022
283,4,-2.2850639567424,4.02333584143759
284,2,-2.32697528437565,3.07841576800332
285,3,-1.9740404012353399,3.2565418267449098
286,3,1.30096578751118,4.80626254464985
287,1,-0.734227477189221,4.51898507553575
288,3,-1.6947796692414099,6.241128421561201
289,2,-0.524033416388354,5.32938636728871
290,3,-2.0621243356503998,5.73771996049724
291,2,-1.5521969936838897,4.37490648635395
292,2,-3.47912454669425,5.12105815161763
293,5,-1.91091984074046,5.24580256789646
294,1,-2.71598677505419,4.7832877760155705
295,1,-0.05099061703558099,6.592298654673411
296,1,-0.867758875321875,6.52127714292289
297,3,-1.5240503381582498,3.2537850659179197
298,2,-3.4721923637831607,2.84354198792498
299,5,-2.30161695103381,5.757769778705679
300,3,-1.5987634319213402,4.60984249568404
301,5,-1.6453680247393998,4.05180046286672
302,4,-1.65668493010673,5.32553901597245
303,4,-2.16859077083232,5.977779159772901
304,3,-1.84307160823749,5.47098605107876
305,1,-1.73112995430293,6.201914094580519
306,3,-1.23953784586832,5.128435326893469
307,2,-0.850473195032783,6.39747727808519
308,4,-0.881794580380689,4.492122729688139
309,3,-1.01215314928913,7.17260964731428
310,4,-0.600485001331254,4.20487541515208
311,1,-0.564325774741728,6.32024474664843
312,1,0.8288871999304959,5.43348115906863
313,1,-0.45242616134929997,4.55777354822597
314,3,-0.467845869282667,3.10379037546787
315,5,-0.05344378473177,3.2626034034321294
316,4,-0.010446615996718001,5.37204461840824
317,5,-2.28426794467386,4.19223656688163
318,4,-0.874971234400022,7.03736142497862
319,4,-0.75288840429686,5.642866901268519
320,5,0.049968161825752,5.6033079711197304
321,1,-0.396200395795648,5.4745747515356
322,2,-0.49823936420857506,5.295416083600389
323,3,-0.92853747017934,4.79181682944722
324,2,-0.329538764991483,3.71047591582611
325,1,-2.50607719945981,5.4280616295602595
326,4,-1.56702681184358,7.68586063878276
327,2,-0.814308190851953,3.8384821602904804
328,3,-0.911989373703269,6.54153252116307
329,4,-1.64260313839428,3.81804966766805
330,4,-0.184011182223561,6.069212624324679
331,4,-0.9464742566291461,3.19053961324264
332,3,-1.3231692280021001,5.81842665213848
333,3,-1.35541288973175,3.64088951731989
334,5,-0.8275231869798639,5.5154791685482
335,3,0.8565223233566379,5.766952468919199
336,1,-3.1665495932173298,4.52760682995592
337,4,-1.5967760167240501,5.137118346011429
338,5,-1.5552039319053101,5.92416174351972
339,3,-1.13617020185524,4.8168115142784504
340,5,-1.28087774633087,4.98937580523037
341,1,-1.21422969903798,4.89585695011132
342,2,-2.47473503332862,2.8446562351664597
343,1,-1.2437889033104,5.0527799755712905
344,4,-0.698666102684614,3.63727846856538
345,4,-1.9852180502035202,3.0791761551090495
346,4,-0.744033017493876,6.69226375236776
347,4,-1.91562253486633,3.1030325736186497
348,5,-0.9847102341017919,6.60945442718857
349,3,-1.3496475864146498,4.61295602097445
350,5,0.302572321399231,4.28604910064252
351,1,-1.30772930352981,3.58482221491155
352,4,0.29621611793965696,7.12754468549422
353,1,0.352205469071831,6.091335370516259
354,1,-1.5937261617798701,6.249953547281639
355,1,-1.6059146995757902,4.88637200894591
356,4,-1.05340400179444,3.7187206639676202
357,3,-2.19520342086972,6.20554443382621
358,5,-2.69351429180574,6.28578201158916
359,1,-1.94794260218878,3.1347801214811497
360,4,0.165180137607066,5.9994986330575895
361,5,-1.0833491074783,4.70336107131308
362,4,-1.45653541163176,5.104210469977651
363,5,-0.5765360532268871,3.7753501253743194
364,2,-0.588017004899618,5.51801467728657
365,1,-1.53412902704528,6.210982221539379
366,3,-1.29243358031655,5.24423799147283
367,3,-1.94792046949947,5.4096135531588105
368,2,1.1536026583827599,3.83118764541452
369,1,0.339341698522743,5.594715222586499
370,2,-1.2871542294056102,5.8206645275074
371,4,0.625966071461335,4.00870197455699
372,1,-0.458505352214589,3.11199751523471
373,4,-0.609467760824718,4.738550002014129
374,4,-1.5218258112724798,5.11671914699009
375,2,-2.5856929971933598,3.9530260110543103
376,2,-0.7031235408453239,4.37928520111207
377,1,-0.387364513793495,4.6937635466392305
378,1,-1.0730511424057099,5.03300489004458
379,4,-0.613153313242042,6.4678949314702
380,1,-1.00116587065521,5.27907183231397
381,2,-1.3553988237312902,5.50540886522138
382,2,-0.5902194151538871,3.50993557848941
383,4,-1.7964602407789698,5.714308722454191
384,3,-1.4967032888655,4.970907979537
385,4,-1.07385067270382,6.234903503893269
386,3,-0.5439648302442961,4.98463728424665
387,1,-2.19547279336088,4.4492297645953895
388,4,-1.48416420902857,5.35932519271115
389,2,-1.30636004524389,6.05798773576419
390,4,-3.5132223862242595,5.4739704149279405
391,4,-1.32087235911186,5.675252752792269
392,4,-1.9569077610192298,6.0544372701113
393,4,-1.41031083947202,5.0304954872298895
394,2,-1.9313900439178002,5.08600071665578
395,4,-0.158309279150984,2.719592040533
396,4,-1.0587078533410101,5.94847343334036
397,3,-0.4051152823336429,4.0265247654521295
398,1,-0.598677245804187,5.19341055797035
399,5,-0.58350582529232,6.42744473649982
400,1,-1.18914770411553,5.5200844715000095
401,5,-2.7102850939140497,6.29511590977487
402,2,-3.19760381446038,5.21682967877372
403,1,-1.96171180969966,5.417687717120769
404,3,-2.61350210109486,4.4643961204933795
405,3,-0.295881654934081,4.41270501208375
406,2,-2.62636066211326,4.53144930665725
407,2,-2.43206756152358,5.975806929922579
408,4,-2.40251508979101,5.85577289591472
409,3,-0.836730787415071,2.9832975870459504
410,2,-2.0287152772774397,6.06242820937334
411,3,-1.8938519824170699,2.48850741237452
412,3,0.77478112164987,4.71161780240592
413,2,-0.6506906894249289,6.00748863321196
414,2,-0.296428172695107,6.343544819289451
415,1,-1.46121552910427,6.25983450562129
416,4,-0.212624746547192,6.03151290526953
417,5,-1.09343917793391,3.29821724987351
418,2,-2.63933629566757,5.548544542007231
419,3,-1.4388417304513201,5.19696683366336
420,5,-1.30869147762001,5.26316564416641
421,1,-1.6409748516962201,3.93242905167593
422,1,-0.10802997754872501,6.61580497675254
423,5,0.21422452067211398,4.406010929579749
424,5,-2.67386238532793,4.02962161086597
425,1,0.058367068657842,5.93041922901211
426,4,-1.04684319739335,6.252065552364041
427,4,-0.975964716128934,6.490370257204809
428,1,-0.323106972608294,5.847186978198541
429,4,-1.63407129967066,4.605632657491269
430,5,-3.5576354015713703,4.5331304580026295
431,3,-0.466409024546264,6.3463116134675
432,1,-1.85962547494225,5.910946069510599
433,5,-1.7230326918069898,4.35480344353191
434,4,-1.59161328202712,3.91948585066265
435,4,-1.6027099555618998,4.62387060272036
436,1,-2.17788339091939,5.74349944677596
437,2,-2.89368225415554,3.5734840903394
438,5,-1.81832731160798,4.32482854561982
439,4,-0.568673257272792,4.88877465776722
440,5,-0.32515454580900605,3.9209565849602996
441,3,0.121433353031523,5.19510358246941
442,2,-0.653743193272654,5.0964861679446205
443,4,-2.49838057910321,5.315785174884639
444,3,-1.8100049289959899,4.23369592836004
445,1,0.278225370645859,4.38389336741852
446,5,-1.5838922035612,5.71148899754059
447,5,-1.7747726557139798,6.03525880162056
448,5,-0.7595745273075992,2.8205123315105
449,3,-2.30539771217919,5.130506990642231
450,5,-2.35415869966824,5.18239699131378
451,3,-1.79421629224783,4.60961512445849
452,4,-0.376544980689686,5.00017340814522
453,1,-1.50980578604323,3.7852237392910295
454,5,-2.02576517689136,4.92683878456583
455,1,-2.35863303081743,5.292389789722151
456,1,-0.9029311793046999,6.29045607484778
457,3,-1.9347987895891101,5.03909681816119
458,4,-2.04281338833575,5.71720787514081
459,3,-3.7476208532639403,4.82193198422303
460,3,-0.18374198625809302,5.4510581548234995
461,3,-0.43380514871039505,6.18340372997482
462,1,-1.80073028844994,2.8933221268592697
463,3,-1.48220155216175,3.61643653676954
464,4,-2.5953924703369102,3.7397679482755604
465,5,-0.7184738944073291,5.29492660859892
466,4,-2.98736534403392,5.37088952670781
467,5,-2.77779506448573,5.31161538637068
468,4,-1.5412493991048402,3.87047075630939
469,1,-0.9114923940886129,3.38746547320989
470,4,-0.9026104747555709,4.40432068374582
471,4,-1.2153065116186799,7.89747404028849
472,5,0.347873850937332,5.93827994014712
473,5,-0.18466934725928696,4.3569798956904195
474,3,-2.07299167865237,5.1653303728624005
475,3,-1.8311073001367302,4.514855149908049
476,3,-3.09936030618304,3.89318744505002
477,5,-0.05734477405508099,7.7889171388783005
478,2,-1.19339081789449,4.81946856740376
479,3,-2.55951852923096,6.2988487588904905
480,4,-1.52741644353488,4.345282766387919
481,4,-0.998177768792708,3.5827733321196904
482,2,-2.1073484578964496,4.28763405346811
483,4,-0.05088610922339099,4.86582783889863
484,3,-1.8830141126721698,4.69792601193031
485,3,-1.7557784221003798,4.9976092738514195
486,4,-2.0132567391188503,5.04849329211261
487,3,-1.9566772768135199,4.419908443796039
488,4,-1.7963517185480202,5.814188545714719
489,5,-1.1475708514215701,3.59119696088664
490,3,-1.03237037669393,5.41357677534678
491,3,-1.5229281493023898,4.62477782319587
492,3,0.991572475453095,4.01346343804045
493,5,-1.8259255707295803,4.13945592465077
494,1,-0.126965211652974,6.12251836652457
495,3,-1.4079052788287199,7.16085226128575
496,3,-3.5382484161662697,6.30478363253537
497,3,-2.4929359757211,6.357733033996491
498,5,-1.1945495604361,7.140314893298481
499,5,-2.7438237591963,5.39512763179932
500,4,0.107049151365211,-3.5916549245819502
501,3,2.46908252336404,-0.6295123431743089
502,1,1.45754224357364,-4.185492683285299
503,5,1.14605843710101,-3.6280081307168697
504,1,0.17908586454095302,-1.01872651733967
505,1,-0.6042425304996379,-4.0264174431964905
506,4,0.42035505826222097,-2.47914139673179
507,1,0.4106611557269339,-3.3160358157355696
508,2,2.89677312093487,-2.6097373171569505
509,2,2.18702470947076,-3.90277924531532
510,5,2.04269514489932,-4.67475366439713
511,4,0.113081649466062,-4.8156708259475
512,1,1.7259092424388,-2.94963348306243
513,3,2.51076852882656,-3.1659754208517903
514,2,0.33968348849961,-3.56508083048042
515,4,1.1626921051571202,-2.69566743400756
516,2,-0.326137681230382,-2.6648899854186805
517,3,-0.7677106294356429,-3.60016238309219
518,4,1.0267204763301199,-2.7420197259268
519,4,1.1853481045613,-3.89873405635359
520,4,1.4767553744244,-3.3881578415368097
521,4,4.031746054094991,-1.7774041269623402
522,4,-0.547955878197377,-3.6119954129665
523,4,-1.49236934404016,-3.5357331412775297
524,5,1.8698355053098201,-4.84327163434025
525,2,-0.214371662796262,-4.23967876748556
526,3,1.49689348657332,-2.71697293130311
527,5,2.2751052033885197,-1.9889379207078701
528,4,1.8194839529622098,-3.6491760403725295
529,5,0.771356977807636,-3.3208324732257797
530,2,1.9656286795933797,-4.87277710182968
531,3,0.28052314103750003,-2.3173796291727404
532,1,0.291571241566565,-3.5827370989596004
533,3,0.477920496991512,-3.6893985289099995
534,4,1.3041780289819198,-5.7556573886079905
535,5,0.29995217407841496,-3.7775055836439297
536,2,2.7984652437107496,-3.3344197513581
537,4,0.900651264647991,-5.06025258903308
538,5,-1.20281602592777,-4.3012782204309
539,3,0.175416116916943,-2.99831402979813
540,4,0.9085326912165451,-3.0134238240970297
541,3,1.6319767635603002,-4.94748304953162
542,3,0.305151090092019,-3.92410500692718
543,5,1.11262260132406,-3.44088286211362
544,2,0.40305773117671007,-3.98614621228447
545,2,0.9431288252907092,-3.11497700833302
546,3,1.36319314125776,-3.01946540069835
547,1,2.53210673686694,-2.22557094788683
548,5,0.449407881550187,-2.14280430937008
549,5,0.508971434272509,-2.44765926620058
550,3,-1.44192663497404,-3.2448614545038503
551,5,1.08251418404398,-2.47581332886871
552,5,1.34310306227353,-3.77141482609998
553,3,0.6865319906454681,-1.7530915756958798
554,2,-0.056477026535062994,-3.7870636490611
555,1,0.347770023836807,-4.69031818668369
556,4,1.14956865314656,-3.37113645205501
557,4,2.10906699262159,-2.72637143084702
558,4,1.30106719056912,-4.10988364300174
559,5,0.502174342312423,-1.78102993272153
560,3,2.01304211903904,-2.78640087995834
561,1,0.614683061069214,-3.6629415699504797
562,2,-0.5816337112047061,-3.54820967901389
563,2,0.651593731973074,-3.44028611365753
564,2,1.32370411930048,-3.32072157451683
565,2,1.5723024019736103,-2.97346497330832
566,1,2.50968472359448,-3.91469208446405
567,1,0.981812809850106,-2.7035335784644996
568,3,2.4436915132773303,-6.109219642883099
569,4,2.04060868210911,-3.3823642221793104
570,1,0.933913147000491,-3.25378015686942
571,1,2.24463527984823,-1.96432943469153
572,5,0.245345760855327,-5.37132080360722
573,4,1.28839231923416,-3.96157709541108
574,1,1.8538518328917,-3.0070668944715297
575,3,0.883502034544068,-3.44680004498304
576,4,1.2147210723597701,-3.6649612216092597
577,2,2.4114130528723,-2.3293415739285
578,3,1.3194685049211299,-4.14699335381028
579,2,-0.38605075872856,-4.5826257753265995
580,2,2.22949753651899,-2.58464709877525
581,1,1.0705291104377501,-3.2704446227177204
582,4,0.9975265873889759,-3.01456176270844
583,4,-0.17689696744414102,-2.33436478800428
584,5,1.7192310763640999,-3.1127363797932404
585,5,-0.138815585328402,-2.36899308257721
586,5,0.5651802729608449,-1.4772290068826002
587,3,2.0888053256120904,-3.59746889600715
588,4,0.621139491812546,-4.13555966859382
589,4,0.7851677817589531,-2.53632410220027
590,4,1.88504445544192,-2.65358626029546
591,3,1.6921287789348,-3.0227129135147703
592,3,0.7422746946826209,-4.415144861819219
593,2,1.84978376961672,-4.26796265100245
594,3,0.49124736963748,-3.97960547911843
595,5,0.17898344365338,-4.06388530598064
596,4,1.8720658946574398,-3.26937766856623
597,5,1.5004573197464197,-3.0809500262854397
598,1,1.6193334806813797,-3.60534073079431
599,3,1.17101524785656,-3.95386349555519
600,2,1.46467671379653,-3.21445520018658
601,3,1.58600400676964,-3.5135080840208595
602,4,1.08124594029426,-2.52338019773654
603,4,0.544891354905905,-5.08239544759998
604,3,0.840185245585984,-4.99207512183212
605,5,1.29254033586886,-3.8036346510922403
606,3,0.340186219738404,-1.70738339283389
607,1,1.26535444481324,-3.8542004905986
608,2,-0.15462091780334802,-5.323388467061901
609,1,0.634594051128491,-2.6162445326302404
610,4,0.22233520948966898,-1.39253566596957
611,2,1.63460601648312,-4.07986382478109
612,1,0.036570137346994,-2.38986993489552
613,3,1.2472695230681201,-3.95996484657197
614,2,1.06322055417916,-3.1086973917812504
615,5,0.078763775089623,-2.9425518715987002
616,2,1.14412145839204,-3.04273259722419
617,4,-0.474899559213423,-5.18949181232517
618,2,1.1706506867008,-3.36522629310224
619,2,0.267129432866757,-4.01145982701403
620,5,0.9202641271201221,-5.05820453967665
621,4,1.4593834386223101,-0.7382482410304029
622,2,0.029823747495610998,-3.6665650785935098
623,3,-0.252654383716324,-3.0522234585521604
624,5,2.0088740336654403,-4.1167729303012095
625,3,1.68783075982133,-2.19065051173643
626,5,1.18274280656926,-3.8399512902058
627,1,0.367914782554368,-2.9562699118037004
628,3,0.666748841005424,-5.29591993620883
629,2,1.3452602965792901,-3.4204091428937797
630,4,0.339886540302374,-3.8375951512810498
631,1,-0.35659810615697296,-3.9316503939170198
632,1,0.036848762393827006,-1.96124423936881
633,2,1.8996347733693502,-4.596672831223519
634,2,0.036933026365611,-4.29600748532307
635,1,2.1654469078861798,-3.40122538828852
636,5,1.90952893373582,-2.46078525903061
637,4,3.0245820382209105,-1.7809788244479998
638,2,1.02334540849026,-5.6149192296473895
639,2,1.7791666620901998,-5.31882484954403
640,3,-0.300630719554222,-3.2722463280669905
641,1,2.08777448253482,-4.56260063519812
642,1,2.9648664557163595,-4.03267614449695
643,5,1.28409445029882,-4.11979624130422
644,3,1.75145167783435,-1.85266122834342
645,4,2.4514421242426403,-2.84722744138609
646,1,1.29372418233258,-2.09670008460078
647,5,1.33208984643528,-2.504047854401
648,1,2.7492200658651798,-2.15832222445165
649,2,3.50736486230851,-3.3307735378390895
650,1,3.08821937660963,-4.67713868102617
651,4,1.93290461064753,-3.9322605999364706
652,4,-0.029345204215669,-2.7912792435460196
653,5,0.37872898810799205,-2.7914601090500804
654,4,-0.33901087039841493,-4.46373484556332
655,2,0.47612465093774603,-3.6670325720088397
656,3,2.875428535373,-2.41763645978403
657,4,-1.52502022138729,-4.16200265278023
658,2,0.150853263690693,-3.16821433027313
659,2,1.5244026948783,-3.77970659406532
660,4,1.7059440896801499,-2.11188452855383
661,1,-0.4118869289320511,-3.19929016681086
662,2,0.684487276655873,-3.9945011015110694
663,5,0.168195302557577,-3.70278400422479
664,1,0.46757238925410705,-3.54261809044533
665,2,-0.7998864518584972,-2.80282305424367
666,2,-1.11504620796263,-3.8985595254240697
667,3,1.369421461396,-3.7843800916443198
668,1,1.25950912521232,-3.6261942841176302
669,4,0.5155260845974811,-4.17576444512104
670,2,0.475262086958106,-2.2657941201700202
671,5,0.8836685499953849,-3.5951688750460695
672,5,-0.341664825656008,-2.97826057830038
673,1,-0.251172693355379,-3.13450149500841
674,4,1.5807427645006698,-2.3750327851812996
675,3,1.68194711267587,-1.9881180623735402
676,2,1.11143411536759,-2.5737545630812995
677,1,0.880618300002105,-4.77796991090902
678,3,2.17629366262328,-2.7195388972323595
679,5,-0.255388175056358,-5.01281723966491
680,3,-0.202745436213896,-3.4722174091500198
681,1,0.8102298162937629,-5.22686631396096
682,1,0.37101084369627507,-2.6797769614298903
683,1,0.898820843065158,-2.55365625518932
684,1,1.22927247576075,-2.8567719650282
685,5,1.76783794796759,-4.25582417573325
686,2,-0.29472467489893,-4.273889062109911
687,1,0.299232625970263,-1.7216453366155702
688,3,1.2458547126705501,-2.5285612374484505
689,3,-0.18647135847814103,-3.4076218833715295
690,4,1.04695395986985,-2.7886024106792098
691,5,0.979710289726149,-3.1981632187239395
692,2,1.2535348820927,-3.9145013260516803
693,4,3.0042838596573196,-4.86834061587172
694,3,1.97870438985291,-2.22215514157242
695,3,1.8798227680533799,-2.8896425270208104
696,2,1.7538117895502099,-4.81611877285599
697,5,1.8534472543472498,-2.69194080579242
698,5,1.56587445687043,-2.16598663580557
699,1,1.5748126438678203,-5.66261200731154
700,3,4.76192908833382,3.64860627838175
701,2,5.05240997188719,4.07174861425697
702,1,2.9445069756340096,3.0425281316591297
703,5,4.757905179553839,3.64296038391393
704,3,5.48507052135334,5.43726666470405
705,4,3.81727010356942,2.72939390495115
706,2,-0.27212845036762,3.75527320734298
707,3,5.89340477512802,2.6360771316241403
708,3,0.6432608494269529,0.238467154615095
709,4,3.6938475620694797,2.5330268582306696
710,4,1.44947557170645,1.2839970030441599
711,5,2.68570656254852,2.8557263154308905
712,3,1.56899846830748,0.786010660003739
713,2,5.24236093723076,4.38056174121591
714,4,0.31082499305579603,-0.496990230898651
715,1,2.1009724842673703,4.26128485863483
716,3,2.02735172066905,4.50784922820517
717,4,4.46560075419129,3.75861347025557
718,5,4.40019249113809,4.696540902126969
719,5,2.8603056298992207,2.64668393728905
720,2,1.76016516478131,1.92124879159691
721,3,3.0981535899406296,3.20929492599583
722,5,5.49320873570872,0.99128576743204
723,1,1.5401731778682899,2.4970572304724903
724,2,4.860938673292599,2.75832622112869
725,3,4.0016582466024,6.377301377812799
726,1,2.6922497839608504,2.4162125828743704
727,2,2.75623181810904,2.6900717296007204
728,1,5.083382568768941,3.54138216022762
729,4,5.481389644192411,4.67754873416934
730,5,3.6241554047605096,2.72165968147859
731,4,2.1062455524039296,2.4578430326183502
732,5,5.49610254728745,5.820901234141981
733,4,0.7736736366122121,2.13558093912026
734,1,4.767278120265559,5.11253543019825
735,5,0.8016299808113271,0.926971276368893
736,2,2.0560303092667,7.11526363253746
737,3,3.5158322972972202,2.8873676884474904
738,4,4.62797552656072,3.0615384448981695
739,4,4.5274823014125305,5.910886546421059
740,2,5.6067558664107,3.53026799953111
741,4,1.8689998296104802,3.8355085951973
742,4,4.0057101145764,3.21440670315502
743,3,4.1219890784333595,4.14827571789818
744,3,4.24016347776245,3.0135521228358297
745,5,4.35117279134948,2.64780251001418
746,3,3.44527518898881,4.31530702585275
747,1,3.0492287072407,0.905442665384538
748,2,3.9686738423788195,2.8246242305345297
749,1,2.42889595372622,3.27546103548571
750,2,5.7187233512547895,4.57648133902834
751,2,3.6997747516951094,3.7708271299573903
752,3,2.43061604214222,0.724134428954082
753,1,5.584954492497129,5.82864887661202
754,4,3.90054461689479,3.44797103024391
755,2,0.11330014474651501,1.81374492950153
756,5,0.040996181958486,0.9107664064149591
757,2,0.8604963313115309,2.83834934534891
758,1,3.8903725658663797,5.02262071227931
759,3,4.32445812386008,3.46228244761666
760,3,2.1661149879320902,1.8482829691774398
761,5,2.7206695988217997,2.50901517572511
762,5,3.19768582149199,3.3501703555827405
763,1,3.81996628717937,3.15716977076792
764,2,4.10986874299909,1.7127436629234198
765,3,3.2930308609035897,3.45186725035541
766,4,3.1687631897624398,1.84282281933347
767,2,2.64673194000946,2.76440644628671
768,3,4.8269063775216,4.18332790139385
769,5,2.6158597526143397,2.32029661300843
770,1,3.2638194179164497,2.34918206659111
771,1,3.8545599853192902,2.72105347746607
772,1,4.24890912427519,3.7409613860855098
773,3,6.06283568917292,5.30766434685221
774,4,4.86542870755884,4.33892096208187
775,3,0.40485028810418205,1.63924538155698
776,1,2.66887079189771,1.51315233607205
777,5,3.23757353212911,4.01179226672263
778,2,3.6535667858205403,3.93621526411943
779,1,3.3574777208758504,3.54935603071497
780,1,3.66026165287555,4.73312231045238
781,5,0.9576863160663391,0.9572376067561871
782,3,2.8068197899577005,2.34133416113506
783,4,4.96857483848376,4.82014409709168
784,3,4.7367428376388,4.7736415091374695
785,3,4.32958162061804,5.54338534003354
786,2,1.95048014717796,3.43985788562439
787,3,3.01512438668235,2.7766879931326
788,1,2.46841645633168,2.73816728912026
789,1,-0.28077394298146996,1.05242023044049
790,4,4.78791276231542,3.58539607989663
791,3,1.41788709629571,1.63969230823928
792,1,3.03746810441606,3.85831717686725
793,2,4.9025945449379105,4.4295219903074
794,2,2.7604283213890297,0.88914283839646
795,1,3.43987130867163,4.68712042374987
796,3,5.2823750760509505,3.1237779026785297
797,4,3.9440870230874503,1.02239958906259
798,2,3.80179170372734,2.52401909369291
799,1,3.96882339709144,4.90278406736686
800,5,-4.28176223607185,5.24897229619861
801,1,-11.2047251645681,0.700743194128173
802,2,-8.60353440478269,3.11322533681238
803,4,-6.33587913188361,2.44065686411567
804,4,-7.005164297536941,5.05864074348496
805,4,-7.92581716778827,2.4846107264075
806,3,-10.271711838625901,2.59312313767927
807,5,-7.81890102948318,4.52017817793934
808,1,-7.85472156070929,2.5305646239536403
809,5,-10.501915974852999,2.34066528018982
810,5,-9.336908512095091,4.823048262418371
811,1,-12.0330537961161,1.4291398890723201
812,1,-4.3834895028335294,5.85924112981042
813,1,-7.455882517814589,2.14199728708481
814,3,-8.92902881738156,4.5778073517329005
815,3,-8.22681032291626,6.15239065477872
816,5,-7.714542504405509,2.5762185223391803
817,1,-9.71833606141002,2.5379886902820097
818,5,-10.1716882604474,3.23927674186243
819,1,-9.5514319989291,3.8097301884625203
820,1,-9.56024963176861,1.65675841878437
821,5,-10.1618042002551,0.679848533932006
822,2,-8.328167901746369,3.8372792331223
823,4,-10.4836491607564,2.99482669439967
824,5,-8.57238557072611,0.991408392459134
825,3,-6.484282876235559,4.33151690090762
826,3,-11.133132478482402,3.01082710797377
827,2,-8.006230630229911,3.52190565511508
828,2,-9.90373219735525,1.2513387148419
829,4,-8.95466162905393,2.73399721022569
830,2,-7.208086316819741,4.40022602807876
831,4,-8.33051869481358,3.74611347838253
832,5,-10.4738452365591,3.25021644947855
833,5,-7.116906634099609,5.05639158314894
834,2,-7.12367557149716,0.7757266850930229
835,4,-9.474690723971651,3.46575048178597
836,4,-8.82202956811428,2.37228528100852
837,3,-10.2232555317718,2.37297307766069
838,1,-9.827296276134609,1.9115832669688202
839,2,-7.79620636921367,0.983481803614418
840,4,-9.59606913495008,3.61968446290582
841,1,-5.5341258434095,3.13728641877701
842,2,-10.503842296496,1.14083640944738
843,2,-7.51805363561826,4.642910744267099
844,4,-9.719040469229501,1.7041567735166898
845,1,-9.873690565864552,2.59814718654143
846,4,-11.721634263054,-0.158728845436317
847,1,-8.61779566888156,3.43055540547483
848,5,-7.0205821396243095,2.4778227797567998
849,5,-8.33244158102363,3.8509257758807798
850,3,-9.54726749145395,3.89577449202605
851,5,-8.81666324919042,3.38636933499574
852,3,-9.99326867843131,3.2268642400784
853,2,-9.69164386952186,2.64252785969988
854,4,-9.76403744238741,3.04512356173103
855,4,-9.08294287121727,2.23792645754364
856,3,-9.920874642861472,2.39941096824114
857,5,-9.54399816944889,3.2107387441014503
858,5,-7.93934714119792,2.82591733830418
859,2,-7.230001195201121,4.53981362616886
860,3,-10.609181567553,1.23478681939347
861,5,-9.81888258215351,3.75204634927544
862,4,-7.0102046079875,3.46081210483743
863,2,-10.1415212874505,1.62346311287258
864,5,-10.748196363010301,1.4750119218328401
865,5,-9.04236764795923,0.14266594588919598
866,4,-6.5184053718855,4.26388266225621
867,3,-12.8448808027318,1.43543625597444
868,2,-10.6236493945037,2.00971688195881
869,4,-13.857055396993301,0.8474818909565541
870,1,-9.05874791113109,1.6535424535396201
871,5,-7.3702641824707005,3.33000612660926
872,5,-8.60796355262897,2.2410851837593198
873,4,-8.70855788981545,2.6823729256373103
874,4,-8.85775474113047,3.89256262522857
875,5,-8.523636264381631,3.62677184396482
876,4,-8.51770736796723,1.8558431670167899
877,4,-8.232560330024741,3.45369836765391
878,2,-8.56761838153119,4.419543590430299
879,4,-9.210798047190199,1.6915300225899899
880,1,-6.876833402084871,3.29570034091596
881,1,-9.35303373006424,3.62409908456174
882,5,-9.8250540034872,0.81255316538048
883,3,-9.34923049359809,3.78732089533839
884,2,-6.831009519847339,3.9859152945107903
885,2,-9.189019397526751,2.36800585750086
886,1,-10.507543142142,2.40262680703414
887,4,-9.032251290741181,3.28487205833907
888,2,-9.26686009273077,1.01532769420248
889,5,-10.4549002625804,-0.862142280639025
890,4,-8.76282213841768,3.9948119568646097
891,3,-9.17842088793984,1.32521263836945
892,3,-9.73522261001707,2.8199879320158194
893,4,-9.79952218677975,1.74099988006432
894,4,-8.68150048109284,2.02941651345943
895,1,-8.40131085859517,3.4268808751172
896,3,-10.018552168065,2.17601605313291
897,2,-9.789992504067198,1.43819065204311
898,2,-8.024804805409481,5.19952155315635
899,2,-9.17360515726843,2.12728913282398
900,5,-9.42735800854088,2.26088525523285
901,4,-9.34910267743384,3.9818752456679603
902,3,-10.7202018517488,4.73884043301236
903,1,-9.87832679279969,2.09967968651861
904,5,-9.59729561001128,1.72654609310442
905,5,-10.658084662677302,1.21332422452997
906,4,-11.9929971943774,1.1217167066637599
907,3,-9.023891786322801,1.6778077659113702
908,4,-11.0033943092838,2.2083815946695498
909,2,-7.89966713065849,2.60743554899253
910,5,-7.66153148892645,3.1002219631236403
911,1,-7.48626380870129,3.93725593732656
912,2,-7.84427178380021,4.13666131353492
913,4,-11.4683836056231,-1.62566780594676
914,1,-9.743253512475778,2.40279206155235
915,2,-8.29262567997619,5.1904544702276
916,3,-8.14803552232485,2.4720206250362797
917,1,-12.365586282967902,0.211357928574708
918,3,-8.80977656422463,1.7931637509046998
919,4,-9.70795879759989,3.39244921727973
920,4,-10.458205477848901,3.0405593264919
921,2,-10.002227572705,4.820263689337691
922,3,-7.982565408566201,4.34704030166476
923,2,-5.19066513054711,3.6522689223416203
924,5,-8.72624881189032,2.2961460608034905
925,4,-12.680348658426,1.51194540718575
926,4,-11.786411263582899,1.63201393814496
927,1,-8.03554038910486,2.46218899989532
928,4,-8.97041165381623,1.3436165056461
929,4,-9.08390461310539,4.83765019798312
930,4,-9.66340393564467,2.14045062494352
931,4,-7.909017822598031,2.30144038118955
932,5,-9.31530279126615,2.3148224372028996
933,1,-7.83227661645018,2.3438129749987002
934,4,-8.19860233770686,1.86249314388589
935,1,-9.17945526301624,2.5701837038549398
936,4,-5.06295804494475,4.40955459191524
937,5,-5.28623247261828,3.8802506114055
938,3,-6.902922143790129,3.47767562600759
939,1,-8.55457656591593,2.12118921258267
940,1,-9.44847453068258,2.20839079175809
941,1,-6.755404797698491,3.5228183220726095
942,2,-9.3440322961343,4.35388672521366
943,2,-8.677078067477781,3.6204310669684396
944,1,-8.79255779837963,2.27812980365489
945,5,-9.103051999479439,3.69042443765499
946,2,-9.916706202340231,1.91433465602523
947,5,-8.80797551970525,1.8219284735144199
948,3,-8.967090177269311,2.47960685624722
949,3,-7.3612673016151104,5.5080102772453605
950,3,-7.2863903665883205,2.90089133865129
951,1,-9.44494609350397,1.4599336040597701
952,1,-8.46997666338635,5.62200071809705
953,4,-9.73338124452868,1.1210164959989
954,3,-10.8305970775111,3.03570860540711
955,1,-9.67324633729272,2.09967521713831
956,1,-11.2757703737004,1.6252698490582498
957,3,-8.61604618829575,4.17595069792307
958,5,-11.444518418246801,-0.431110832787283
959,4,-9.55502350065159,2.1656234222403703
960,4,-6.505603466199089,3.5470603717686497
961,3,-6.515267328360999,3.7240198912523197
962,4,-8.93917357641506,3.71652691611492
963,2,-7.68510061879059,3.4968098081652794
964,3,-9.54743416501755,1.7284613591579399
965,3,-10.3226063960063,3.4246111655983595
966,1,-8.835781122290749,1.344183555986
967,4,-9.5300028485295,2.9248486111552
968,1,-12.1034945118594,1.59152098178054
969,2,-11.7119504350492,0.063979688026217
970,2,-10.9500898608439,0.956606198826389
971,2,-8.7064675318011,2.88775557478679
972,4,-9.502865195811811,3.50685166924291
973,3,-7.48006743714818,2.6833519298738198
974,1,-6.955801408494691,3.9296691148741094
975,2,-8.65175388667596,3.2983483922802
976,2,-8.05879210255266,3.2947669994673996
977,2,-9.66486316339617,2.2022558027622403
978,4,-10.268184280924801,0.889174664220597
979,5,-12.4797943536496,1.20343811313886
980,3,-7.312645427637791,2.7108282425442005
981,5,-7.629533525418191,2.9881081881633595
982,2,-9.41974155719636,2.07058399421485
983,5,-9.94882880910212,1.49070277409478
984,5,-9.505544965397359,2.6979685994533096
985,3,-11.2846505933271,1.4174980748739
986,4,-8.829390433899189,2.69356503626017
987,5,-11.931366797024,-0.8495825512780891
988,1,-8.87929827097507,1.4843420138366499
989,2,-9.4948646460706,2.10845259961
990,5,-9.482107068365769,3.6158042777393105
991,3,-7.30212441001027,5.286040586639981
992,5,-5.41234499565839,4.0979059897286
993,3,-5.13118983274343,4.1207843842414
994,4,-6.92153628763448,4.21571892968616
995,2,-9.83570016079111,2.25561793818613
996,5,-7.655539790965349,3.5460845189320693
997,1,-8.633949500655131,3.7784202146967103
998,4,-9.13472111311164,3.3729731778991496
999,4,-6.225131838053059,3.79350263017254
1000,1,-8.38503482818858,2.6937469351254304
1001,1,-7.904788750052661,6.61417502125537
1002,1,-9.29847919710928,4.34530477952069
1003,3,-12.3205203116543,2.2400040012711404
1004,2,-10.3555511140361,1.39415500604535
1005,3,-11.671604155602601,2.7764691690983097
1006,5,-10.540523027671302,2.04339807391482
1007,2,-7.52069094224524,4.921216108538831
1008,5,-10.6639990831426,0.47327068216932794
1009,2,-6.635295354404781,3.2716112266843
1010,4,-10.0416680370808,3.0805902033150603
1011,3,-8.90810036889073,2.68360646880384
1012,5,-8.80059781262164,3.13711637448973
1013,5,-10.5126469218243,2.20831820252772
1014,1,-8.341100587942059,-0.006610834829913001
1015,3,-9.03179528040101,3.3295238376307403
1016,1,-8.14139557044858,2.32591688912928
1017,5,-8.50020925024856,0.9057180368031429
1018,1,-8.007045130795,2.43866433914544
1019,4,-7.50459882228689,3.5900673090595094
1020,1,-8.955491457422001,3.5241161620240002
1021,2,-8.95160447009215,1.13783331021108
1022,3,-6.814995767267491,3.9184666824773102
1023,1,-8.78349514522746,2.79570648810761
1024,1,-9.17291158524325,0.785102251356609
1025,4,-8.899271829879721,1.5454273936303402
1026,5,-7.51263149063164,3.03793998331446
1027,3,-5.66871600241751,3.11263769530383
1028,4,-10.3370693654457,2.3276682736543797
1029,1,-9.11706766519347,1.8227799908200402
1030,4,-8.495651251805429,2.1776704867881
1031,1,-11.695886523271302,1.89097442929249
1032,5,-9.080634378451,2.9977507915982597
1033,2,-10.7063471913254,0.204875284460147
1034,5,-8.00120823485114,1.12686289547049
1035,3,-8.67906665650237,3.1577302978436803
1036,2,-11.1211652422171,2.25352481898768
1037,3,-7.038808539464379,4.18622094221357
1038,4,-7.08437356806918,2.34857492161395
1039,3,-5.12429487356568,4.310710931795439
1040,3,-9.705796500477382,3.6612601442224504
1041,5,-11.856174724147301,0.31836426147827696
1042,2,-12.757429376641701,1.92115935710773
1043,3,-11.476186381419302,0.32328940422604496
1044,1,-9.3128102439664,2.82644073358625
1045,2,-11.5709236243139,3.4785694212354303
1046,3,-7.89226782032714,2.61289304481886
1047,3,-8.20053028864115,0.563322825702114
1048,4,-9.42270470229267,1.9952535824024498
1049,5,-9.707360486894421,1.15019218794484
1050,5,-8.863563379790971,2.8646682458243595
1051,3,-12.326659069010502,3.67032371681608
1052,2,-4.95514095946181,5.31443242516195
1053,2,-8.29508096834423,3.58001377035993
1054,2,-7.035741264988509,3.28655814616201
1055,2,-5.762166081950389,4.93678007968847
1056,2,-11.7969749946032,2.7757907973337597
1057,4,-8.99855118797091,2.7743739961591602
1058,4,-9.660357690821689,3.2968471004378803
1059,1,-8.58316227185658,3.98144213140356
1060,1,-8.25840770241065,3.28016346762687
1061,3,-10.7259163476821,1.72482564598
1062,1,-9.895975462882769,1.1554230124831102
1063,5,-9.26821992223368,2.53289388211169
1064,2,-7.86049771890172,2.9226207977332206
1065,2,-8.82977165891578,2.46412127186976
1066,3,-9.04777722696009,2.61835341626101
1067,2,-7.3743906264303805,4.28621105637294
1068,4,-10.6228675300195,4.20658542232135
1069,5,-6.8982487436387405,3.1708726709678703
1070,1,-9.12584188110526,3.11051237061127
1071,4,-9.70833944499823,2.4997143297176603
1072,5,-10.007012558465,2.85291530299329
1073,4,-8.20158326044116,4.20614203546611
1074,1,-12.343204675755599,2.00540937329431
1075,5,-13.7560927517747,1.61240323042526
1076,2,-11.9497205477086,0.47222027550484
1077,2,-7.44970765601641,0.874091624513253
1078,4,-12.1085579726386,1.64359688339975
1079,1,-4.636856667525031,5.869302820291559
1080,3,-9.96809878213075,2.6582273804117404
1081,1,-7.65100866794042,5.4844785188987
1082,5,-7.31416313561983,2.568769255351
1083,1,-10.010929120738801,2.4718974998931
1084,5,-9.015429019640688,4.54251062613109
1085,3,-9.853272132071151,3.2237713127311496
1086,5,-11.5644047294718,1.9400440876344902
1087,4,-12.074801307340099,3.09636048859767
1088,4,-4.29609966164986,6.9792847233611
1089,3,-7.770199427355981,2.83355486390992
1090,2,-5.8998076397185,3.58127869021478
1091,2,-7.786496500252251,3.4698193790459704
1092,4,-7.327094196271481,3.72960752889773
1093,3,-10.403762927905001,1.24521334653127
1094,3,-8.61365366762279,2.37642597957939
1095,1,-7.79739420675847,2.58059164883216
1096,5,-10.798710166910999,2.9671620273812502
1097,3,-6.82199672451408,3.1116432255143196
1098,3,-6.965887852043691,3.89524482795321
1099,3,-7.86840537082237,2.6138471110035497
1100,4,8.842778240564929,-3.33910353236898
1101,3,10.3006394964341,-9.09116833789642
1102,3,10.039973074319999,-7.53039797986937
1103,4,10.473292548704801,-5.88005482434618
1104,5,8.851887286052632,-6.089650218473889
1105,3,7.764391710072941,-4.835397338512251
1106,1,12.9788822166154,-4.44052203895069
1107,5,11.9692037493609,-5.59518774721626
1108,5,9.13840533354813,-7.51423857406662
1109,2,8.98804906615778,-5.554115283248071
1110,2,10.8110455835149,-5.64610651260685
1111,5,5.04221539627545,-4.728080861207809
1112,3,11.5164279862055,-8.00242334595757
1113,4,8.65413367123816,-4.1289855021957305
1114,4,7.980533310266839,-7.0466918096601106
1115,1,11.853433428373801,-9.47510712523737
1116,1,9.88301411305877,-4.73453768164602
1117,5,9.82909803482925,-9.42725503453748
1118,1,9.28886236677977,-12.604488956219402
1119,3,6.0667675674272,-10.2490194063099
1120,3,10.950952166651799,-6.84902893514723
1121,5,9.574922782400028,-5.25425441261271
1122,3,5.794335081382849,-6.7941529555899205
1123,5,8.852337989233849,-3.9470256341249597
1124,4,11.5055334029627,-6.39317543562811
1125,3,7.46046003366918,-5.574903413806091
1126,1,9.89596331917989,-8.28340301917404
1127,1,6.5442951501605,-4.852654201986639
1128,3,12.4200698712103,-4.530855085488571
1129,4,8.766200276905531,-6.529020079861269
1130,5,11.4171725678948,-5.18321735659491
1131,4,5.89628183884653,-4.30710284516161
1132,5,9.67112245501079,-7.21975935562467
1133,1,9.97240810255589,-3.07064669657156
1134,1,12.251184598407303,-8.979891551635971
1135,4,9.801308924939699,-8.19744003696783
1136,4,10.489727057548901,-8.63306991034381
1137,4,9.55964417211715,-5.4376204295023
1138,5,13.189514382679802,-7.28470071859839
1139,1,12.2639947962527,-11.0402777061955
1140,5,12.991915798749499,-5.017497429426941
1141,2,10.760515739083099,-6.84952575269257
1142,3,8.53675199399308,-8.19274670758597
1143,2,9.89391005613022,-1.38316749910399
1144,3,9.74331749474337,-8.86576719963589
1145,4,11.5724678896656,-1.09533319002848
1146,4,8.32041863167802,-5.222851771117269
1147,4,11.1727776292741,-8.00097009323242
1148,2,9.66764126675455,-4.1864793012354795
1149,1,11.2176907117556,-3.8847904105100604
